Date_Time,FI,SAG,QTK,NCB,MBC
7/13/2016 1:00,-0.31,0.67,-0.811666667,-1.348333333,-0.775
7/13/2016 2:00,-0.615,-0.031666667,-0.751666667,-1.22,-1.27
7/13/2016 3:00,-0.346666667,-0.186666667,-1.223333333,0.451666667,-1.293333333
7/13/2016 4:00,0.155,-0.163333333,-0.036666667,0.205,-0.916666667
7/13/2016 5:00,-0.03,-1.345,-0.57,-0.015,-2.411666667
7/13/2016 6:00,0.048333333,-0.26,-0.046666667,-0.166666667,0.04
7/13/2016 7:00,-0.221666667,-0.213333333,-0.853333333,-0.973333333,-1.478333333
7/13/2016 8:00,0.063333333,0.083333333,0.825,-1.501666667,0.778333333
7/13/2016 9:00,0.088333333,-0.328333333,-0.188333333,0.325,0.14
7/13/2016 10:00,0.246666667,0.253333333,-0.413333333,-0.155,-0.106666667
7/13/2016 11:00,-0.245,0.123333333,-0.101666667,-0.416666667,0.355
7/13/2016 12:00,-0.196666667,0.278333333,0.5,0.278333333,2.728333333
7/13/2016 13:00,-0.26,0.436666667,1.205,1.861666667,1.271666667
7/13/2016 14:00,-0.14,0.121666667,0.513333333,0.258333333,0.823333333
7/13/2016 15:00,0.051666667,0.168333333,0.58,0.97,0.448333333
7/13/2016 16:00,0.163333333,0.241666667,-0.08,0.973333333,0.146666667
7/13/2016 17:00,0.215,0.343333333,0.94,0.156666667,-0.133333333
7/13/2016 18:00,0.27,0.23,-1.03,-0.11,-0.263333333
7/13/2016 19:00,0.061666667,-0.365,-0.525,0.053333333,-0.623333333
7/13/2016 20:00,0.496666667,-0.15,0.478333333,0.405,-0.548333333
7/13/2016 21:00,0.286666667,-0.021666667,0.328333333,-0.29,-0.31
7/13/2016 22:00,0.291666667,0.02,0.885,-0.188333333,0.4
7/13/2016 23:00,0.028333333,-0.385,0.185,-0.651666667,0.25
7/14/2016 0:00,-0.096666667,0.223333333,-0.023333333,-0.13,0.266666667
7/14/2016 1:00,-0.061666667,0.643333333,-1.05,-0.631666667,0.15
7/14/2016 2:00,-0.321666667,0.038333333,-0.813333333,-0.545,-0.165
7/14/2016 3:00,-0.503333333,-0.036666667,-0.743333333,-1.265,-0.356666667
7/14/2016 4:00,0.01,-0.248333333,-0.435,-0.445,-1.453333333
7/14/2016 5:00,-0.216666667,-0.306666667,-0.213333333,-0.691666667,-0.923333333
7/14/2016 6:00,-0.078333333,-0.773333333,-0.911666667,0.746666667,-2.915
7/14/2016 7:00,-0.171666667,-0.516666667,0.201666667,-0.776666667,-0.335
7/14/2016 8:00,-0.055,0.026666667,-0.385,-0.441666667,0.613333333
7/14/2016 9:00,0.22,-0.058333333,0.151666667,-0.49,-0.053333333
7/14/2016 10:00,0.2,-0.11,-0.495,0.058333333,-0.858333333
7/14/2016 11:00,0.336666667,-0.03,-0.276666667,0.163333333,1.518333333
7/14/2016 12:00,-0.211666667,0.138333333,-0.7,0.363333333,0.825
7/14/2016 13:00,-0.065,0.075,2.088333333,-0.79,0.553333333
7/14/2016 14:00,-0.886666667,0.426666667,0.876666667,0.623333333,0.793333333
7/14/2016 15:00,0.316666667,0.143333333,0.465,-0.038333333,0.928333333
7/14/2016 16:00,0.081666667,0.103333333,0.943333333,0.905,0.476666667
7/14/2016 17:00,0.101666667,0.211666667,0.316666667,1.196666667,0.123333333
7/14/2016 18:00,0.088333333,0.393333333,-1.018333333,0.341666667,-0.448333333
7/14/2016 19:00,0.353333333,0.093333333,0.24,0.3,-3.178333333
7/14/2016 20:00,0.145,-0.268333333,0.478333333,0.365,-0.641666667
7/14/2016 21:00,0.438333333,-0.211666667,0.326666667,-0.133333333,-0.265
7/14/2016 22:00,0.108333333,-0.253333333,0.393333333,-0.253333333,-1.726666667
7/14/2016 23:00,0.06,-0.381666667,0.861666667,-0.775,0.501666667
7/15/2016 0:00,-0.038333333,0.063333333,-0.688333333,-0.143333333,-2.306666667
7/15/2016 1:00,-0.065,0.358333333,-0.365,-0.523333333,1.19
7/15/2016 2:00,-0.236666667,0.4,-0.84,-1.266666667,0.276666667
7/15/2016 3:00,-0.335,0.001666667,-0.753333333,0.16,-1.505
7/15/2016 4:00,-0.273333333,-0.253333333,-0.188333333,0.44,-0.395
7/15/2016 5:00,-0.026666667,-0.198333333,0.105,-0.205,-0.043333333
7/15/2016 6:00,-0.178333333,-0.23,-0.636666667,-0.201666667,0.228333333
7/15/2016 7:00,0.045,-0.938333333,-0.086666667,0.018333333,-0.241666667
7/15/2016 8:00,-0.01,-0.246666667,-1.256666667,-0.215,0
7/15/2016 9:00,-0.063333333,0,-0.156666667,-1.818333333,0.063333333
7/15/2016 10:00,-0.208333333,-0.24,0.54,-0.065,0.79
7/15/2016 11:00,0.161666667,-0.316666667,-0.026666667,0.09,-0.505
7/15/2016 12:00,-0.028333333,0.496666667,0.435,0.123333333,0.793333333
7/15/2016 13:00,-0.225,-0.01,1.606666667,0.211666667,0.195
7/15/2016 14:00,0.388333333,0.986666667,1.213333333,0.35,0.643333333
7/15/2016 15:00,-0.276666667,0.268333333,1.25,2.12,1.655
7/15/2016 16:00,-0.038333333,0.176666667,0.305,1.528333333,1.098333333
7/15/2016 17:00,0.148333333,0.218333333,0,-1.191666667,1.475
7/15/2016 18:00,0.451666667,-0.176666667,0.085,1.403333333,-0.015
7/15/2016 19:00,0.135,0.731666667,0.123333333,0.92,0.91
7/15/2016 20:00,-0.301666667,-0.08,-0.733333333,-0.458333333,1.705
7/15/2016 21:00,0.25,-0.435,0.248333333,0.648333333,-0.756666667
7/15/2016 22:00,0.118333333,-0.578333333,-0.661666667,-1.656666667,-0.968333333
7/15/2016 23:00,0.075,-0.356666667,-0.311666667,-0.443333333,-2.683333333
7/16/2016 0:00,-0.095,0.3,0.141666667,-0.421666667,1.428333333
7/16/2016 1:00,-0.031666667,-0.115,-0.638333333,-0.911666667,0.66
7/16/2016 2:00,-0.358333333,0.628333333,-1.063333333,-0.14,0.713333333
7/16/2016 3:00,0.108333333,0.878333333,-0.238333333,-0.79,-2.158333333
7/16/2016 4:00,-0.333333333,0.04,-0.576666667,-0.566666667,1.406666667
7/16/2016 5:00,-0.123333333,-0.293333333,-0.706666667,1.735,-0.711666667
7/16/2016 6:00,-0.011666667,-0.418333333,-0.665,-0.348333333,-1.148333333
7/16/2016 7:00,-0.006666667,-0.625,-0.395,-0.955,0.72
7/16/2016 8:00,0,-1.8,-0.476666667,0.118333333,-2.295
7/16/2016 9:00,-0.14,0.03,0.07,0.148333333,-0.221666667
7/16/2016 10:00,-0.138333333,-0.261666667,-0.723333333,-1.265,0.281666667
7/16/2016 11:00,0.015,0.271666667,0.3,0.22,0.631666667
7/16/2016 12:00,0.276666667,0.328333333,0.451666667,-0.611666667,-1.275
7/16/2016 13:00,-0.246666667,0.493333333,0.113333333,0.333333333,0.591666667
7/16/2016 14:00,-0.016666667,0.781666667,1.185,3.006666667,1.54
7/16/2016 15:00,0.2,0.848333333,2.053333333,1.521666667,2.33
7/16/2016 16:00,0.05,0.218333333,0.58,0.833333333,1.901666667
7/16/2016 17:00,0.273333333,0.146666667,1.076666667,-0.328333333,0.921666667
7/16/2016 18:00,0.283333333,0.213333333,-0.41,-0.011666667,0.426666667
7/16/2016 19:00,0.083333333,0.375,-0.616666667,-0.265,0.053333333
7/16/2016 20:00,-0.011666667,-0.143333333,0.905,-0.071666667,-0.663333333
7/16/2016 21:00,-0.1,-0.086666667,-2.153333333,0.426666667,-0.036666667
7/16/2016 22:00,0.035,-0.313333333,-0.143333333,-0.82,-0.34
7/16/2016 23:00,0.045,-0.193333333,-0.445,-1.363333333,-0.758333333
7/17/2016 0:00,0.121666667,-0.895,0.626666667,-0.008333333,-1.455
7/17/2016 1:00,-0.136666667,-0.665,1.505,-0.481666667,-0.3
7/17/2016 2:00,0.041666667,0.795,-1.088333333,-0.411666667,-1.671666667
7/17/2016 3:00,-0.335,0.74,-0.685,-0.766666667,0.085
7/17/2016 4:00,-0.321666667,-0.213333333,-1.198333333,0.176666667,-0.853333333
7/17/2016 5:00,-0.04,0.193333333,-0.101666667,-0.911666667,0.268333333
7/17/2016 6:00,-0.53,-0.331666667,-0.96,-0.743333333,-2.241666667
7/17/2016 7:00,0.363333333,-0.193333333,-0.29,0.813333333,1.39
7/17/2016 8:00,-0.276666667,-0.638333333,-1.061666667,-1.118333333,-1.18
7/17/2016 9:00,0.081666667,-0.385,-0.191666667,-0.118333333,0.158333333
7/17/2016 10:00,-0.18,-0.09,-0.143333333,-0.395,-0.143333333
7/17/2016 11:00,-0.025,-0.233333333,-0.653333333,-0.026666667,-0.095
7/17/2016 12:00,0.38,0.326666667,0.606666667,0.35,0.228333333
7/17/2016 13:00,0.451666667,-0.02,1.921666667,0.711666667,-0.495
7/17/2016 14:00,0.008333333,-0.148333333,1.506666667,0.173333333,0.09
7/17/2016 15:00,-0.17,0.735,0.825,0.936666667,2.115
7/17/2016 16:00,0.17,0.85,0.428333333,1.625,3.53
7/17/2016 17:00,-0.385,0.145,2.225,1.071666667,1.77
7/17/2016 18:00,0.153333333,0.406666667,1.336666667,1.008333333,0.721666667
7/17/2016 19:00,0.185,0.466666667,-1.575,1.048333333,0.686666667
7/17/2016 20:00,0.5,0.501666667,0.133333333,-2.006666667,-0.458333333
7/17/2016 21:00,0.183333333,-0.506666667,-0.88,0.345,-0.515
7/17/2016 22:00,-0.31,-0.251666667,-1.1,-0.47,-0.171666667
7/17/2016 23:00,0.328333333,0.073333333,-2.503333333,-1.903333333,-0.773333333
7/18/2016 0:00,0.255,-0.468333333,-0.988333333,-0.35,-1.201666667
7/18/2016 1:00,-0.165,-1.16,1.675,1.19,-1.616666667
7/18/2016 2:00,0.02,-0.006666667,-0.091666667,-1.268333333,-0.72
7/18/2016 3:00,-0.093333333,-0.04,-0.358333333,-0.35,-0.363333333
7/18/2016 4:00,-0.29,0.746666667,-0.741666667,0.106666667,-0.606666667
7/18/2016 5:00,-0.206666667,0.046666667,-0.803333333,1.29,-0.526666667
7/18/2016 6:00,-0.171666667,-0.038333333,-0.65,-0.455,-0.863333333
7/18/2016 7:00,-0.206666667,-0.288333333,-0.385,-0.97,-0.978333333
7/18/2016 8:00,-0.16,-0.453333333,-0.468333333,0.071666667,-1.248333333
7/18/2016 9:00,-0.223333333,-0.941666667,-0.74,0.261666667,-0.058333333
7/18/2016 10:00,-0.025,-0.731666667,-0.2,0.631666667,0.335
7/18/2016 11:00,-0.186666667,0.426666667,0.288333333,0.413333333,0.018333333
7/18/2016 12:00,0.273333333,0.23,1.556666667,0.31,0.473333333
7/18/2016 13:00,0.315,0.298333333,0.888333333,0.001666667,0.308333333
7/18/2016 14:00,0.418333333,0.146666667,0.628333333,0.966666667,0.883333333
7/18/2016 15:00,-0.12,-0.12,1.526666667,0.621666667,2.103333333
7/18/2016 16:00,-0.05,0.611666667,1.748333333,1.211666667,3.508333333
7/18/2016 17:00,-0.196666667,0.738333333,1.681666667,1.101666667,1.391666667
7/18/2016 18:00,0.323333333,0.633333333,2.258333333,0.015,0.773333333
7/18/2016 19:00,0.023333333,-0.073333333,2.728333333,-0.526666667,0.241666667
7/18/2016 20:00,0.275,-0.026666667,-0.768333333,-0.811666667,-0.266666667
7/18/2016 21:00,0.256666667,0.106666667,-1.123333333,0.196666667,-0.98
7/18/2016 22:00,0.008333333,-0.501666667,-0.476666667,-0.013333333,-1.041666667
7/18/2016 23:00,-0.268333333,-0.35,-1.181666667,-0.215,-0.506666667
7/19/2016 0:00,0.19,-0.341666667,0.251666667,-0.65,-1.006666667
7/19/2016 1:00,0.103333333,-0.125,-0.848333333,-0.42,-0.69
7/19/2016 2:00,-0.031666667,-0.04,-0.625,-0.853333333,-0.026666667
7/19/2016 3:00,-0.068333333,-0.21,-1.303333333,0.295,-1.326666667
7/19/2016 4:00,-0.308333333,-0.11,-0.718333333,0.258333333,-1.133333333
7/19/2016 5:00,-0.005,-0.243333333,0.205,0.61,-0.765
7/19/2016 6:00,-0.156666667,0.038333333,-1.971666667,-0.178333333,-1.06
7/19/2016 7:00,-0.22,-0.166666667,-0.615,-0.581666667,0.195
7/19/2016 8:00,-0.196666667,-0.215,0.295,-1.22,-0.706666667
7/19/2016 9:00,-0.001666667,-0.315,-0.13,-0.455,-0.41
7/19/2016 10:00,-0.051666667,-0.238333333,-2.423333333,-0.746666667,0.885
7/19/2016 11:00,-0.316666667,0.196666667,0.3,0.916666667,0.41
7/19/2016 12:00,0.14,0.35,1.278333333,1.98,0.158333333
7/19/2016 13:00,-0.105,0.311666667,1.618333333,-2.075,0.006666667
7/19/2016 14:00,0.28,0.271666667,1.653333333,0.543333333,0.618333333
7/19/2016 15:00,0.016666667,0.201666667,1.23,0.433333333,0.15
7/19/2016 16:00,0.07,0.336666667,2.75,1.46,-0.2
7/19/2016 17:00,0.278333333,0.385,1.43,0.443333333,1.1
7/19/2016 18:00,-0.113333333,0.14,0.418333333,1.091666667,2.303333333
7/19/2016 19:00,0.423333333,0.358333333,0.478333333,0.38,0.243333333
7/19/2016 20:00,0.261666667,0.213333333,-0.796666667,0.608333333,1.481666667
7/19/2016 21:00,0.04,0.251666667,-1.296666667,-0.461666667,-0.24
7/19/2016 22:00,-0.186666667,0.37,-1.6,-0.375,-0.416666667
7/19/2016 23:00,-0.218333333,-0.738333333,-1.928333333,-0.568333333,0.431666667
7/20/2016 0:00,0.02,-0.643333333,-0.853333333,0.555,-1.43
7/20/2016 1:00,0.066666667,-0.085,-3.913333333,-0.953333333,-0.773333333
7/20/2016 2:00,0.065,-0.591666667,-0.55,0.446666667,-0.351666667
7/20/2016 3:00,-0.035,0.128333333,1.983333333,-0.63,-0.128333333
7/20/2016 4:00,-0.035,0.005,-0.178333333,0.025,-0.305
7/20/2016 5:00,-0.346666667,0.18,-0.566666667,-0.455,-0.736666667
7/20/2016 6:00,-0.1,-0.121666667,-0.621666667,-0.028333333,-1.296666667
7/20/2016 7:00,-0.333333333,-0.221666667,-0.471666667,-0.446666667,-0.363333333
7/20/2016 8:00,0.133333333,-0.021666667,-0.065,-1.008333333,0.338333333
7/20/2016 9:00,-0.311666667,-0.155,0.251666667,1.058333333,-1.35
7/20/2016 10:00,-0.175,-0.401666667,-1.206666667,0.28,-0.856666667
7/20/2016 11:00,-0.003333333,-0.318333333,0.746666667,0.503333333,2.921666667
7/20/2016 12:00,-0.018333333,0.376666667,0.16,0.375,-0.79
7/20/2016 13:00,0.208333333,0.296666667,0.723333333,0.64,0.138333333
7/20/2016 14:00,0.35,-0.136666667,-0.876666667,-0.271666667,0.573333333
7/20/2016 15:00,0.531666667,0.368333333,0.076666667,1.941666667,0.326666667
7/20/2016 16:00,0.23,0.023333333,3.461666667,0.46,4.463333333
7/20/2016 17:00,0.016666667,0.653333333,2.235,0.121666667,0.951666667
7/20/2016 18:00,-0.3,0.758333333,3.123333333,0.371666667,0.896666667
7/20/2016 19:00,-0.105,0.175,0.903333333,-0.383333333,2.533333333
7/20/2016 20:00,0.001666667,0.343333333,-0.743333333,-0.653333333,0.843333333
7/20/2016 21:00,0.026666667,0.356666667,-1.388333333,-0.701666667,-0.005
7/20/2016 22:00,0.135,0.226666667,-0.091666667,1.736666667,-1.201666667
7/20/2016 23:00,0.02,-0.536666667,-0.673333333,0.005,-2.9
7/21/2016 0:00,-0.04,-1.15,-2.781666667,-1.408333333,-2.355
7/21/2016 1:00,0.323333333,-0.506666667,-2.985,-0.86,1.986666667
7/21/2016 2:00,0.131666667,-0.35,-1.553333333,0.623333333,-2.281666667
7/21/2016 3:00,-0.041666667,0.276666667,1.856666667,-0.226666667,1.16
7/21/2016 4:00,-0.011666667,-0.583333333,-1.218333333,0.053333333,-1.206666667
7/21/2016 5:00,0.055,0.466666667,-0.79,-1.531666667,-1
7/21/2016 6:00,-0.316666667,0.378333333,-0.86,0.068333333,-0.55
7/21/2016 7:00,-0.313333333,-0.015,0.115,-0.203333333,-0.811666667
7/21/2016 8:00,-0.291666667,-0.12,0.318333333,0.231666667,-0.123333333
7/21/2016 9:00,-0.13,-0.093333333,-0.71,0.393333333,-1.25
7/21/2016 10:00,-0.133333333,-0.356666667,0.44,-0.021666667,-1.458333333
7/21/2016 11:00,-0.2,-0.16,-0.216666667,-1.48,-0.43
7/21/2016 12:00,0.091666667,-0.275,-0.47,1.96,1.6
7/21/2016 13:00,-0.218333333,0.526666667,0.546666667,0.445,0.871666667
7/21/2016 14:00,0.525,0.08,-0.465,2.336666667,-1.035
7/21/2016 15:00,0.398333333,0.085,0.463333333,0.578333333,3.563333333
7/21/2016 16:00,0.406666667,0.25,1.036666667,-0.005,1.551666667
7/21/2016 17:00,0.113333333,0.095,1.41,0.221666667,2.23
7/21/2016 18:00,-0.1,0.466666667,1.628333333,-0.071666667,2.475
7/21/2016 19:00,-0.371666667,0.828333333,1.768333333,-0.62,1.248333333
7/21/2016 20:00,-0.216666667,0.72,-0.243333333,-0.16,0.743333333
7/21/2016 21:00,-0.201666667,0.045,-0.696666667,0.403333333,-0.141666667
7/21/2016 22:00,0.303333333,-0.363333333,-0.058333333,-1.175,-1.088333333
7/21/2016 23:00,0.245,-0.151666667,2.75,0.125,-1.421666667
7/22/2016 0:00,-0.036666667,-0.745,-1.933333333,-0.038333333,-3.455
7/22/2016 1:00,-0.103333333,-0.205,-1.361666667,-1.336666667,-2.686666667
7/22/2016 2:00,0.25,-0.236666667,-1.163333333,-1.151666667,-1.953333333
7/22/2016 3:00,0.123333333,-0.148333333,-0.113333333,-0.635,-1.603333333
7/22/2016 4:00,-0.036666667,-0.361666667,0.715,-0.938333333,1.206666667
7/22/2016 5:00,-0.006666667,-0.086666667,-2.006666667,0.545,-1.02
7/22/2016 6:00,-0.163333333,-0.17,-0.825,0.411666667,0.506666667
7/22/2016 7:00,-0.11,-0.161666667,-0.746666667,0.105,0.335
7/22/2016 8:00,-0.376666667,-0.183333333,-0.103333333,-0.446666667,-0.213333333
7/22/2016 9:00,-0.106666667,-0.16,0.131666667,-0.661666667,-0.925
7/22/2016 10:00,-0.306666667,-0.181666667,0.87,-0.63,0.695
7/22/2016 11:00,-0.058333333,-0.098333333,-0.158333333,0.691666667,1.893333333
7/22/2016 12:00,-0.111666667,0.076666667,1.031666667,0.625,2.605
7/22/2016 13:00,0.038333333,0.081666667,0.943333333,0.816666667,0.013333333
7/22/2016 14:00,0.223333333,0.435,-0.128333333,0.996666667,1.451666667
7/22/2016 15:00,0.266666667,0.201666667,-1.125,0.915,0.508333333
7/22/2016 16:00,0.413333333,0.106666667,0.8,0.255,-0.198333333
7/22/2016 17:00,0.108333333,0.391666667,0.768333333,0.638333333,1.295
7/22/2016 18:00,-0.081666667,0.111666667,2.643333333,0.788333333,1.565
7/22/2016 19:00,-0.008333333,0.756666667,0.731666667,0.141666667,-0.101666667
7/22/2016 20:00,-0.335,0.51,0.605,-0.193333333,1.355
7/22/2016 21:00,0.021666667,0.076666667,1.496666667,-0.748333333,0.811666667
7/22/2016 22:00,0.158333333,-0.053333333,-0.763333333,-0.491666667,0.178333333
7/22/2016 23:00,0.146666667,-0.536666667,-1.781666667,-0.946666667,-1.131666667
7/23/2016 0:00,0.186666667,-0.266666667,-3.18,-0.896666667,-1.471666667
7/23/2016 1:00,-0.285,-0.601666667,0.166666667,-0.225,-2.728333333
7/23/2016 2:00,-0.156666667,-0.09,-1.273333333,-0.211666667,-0.766666667
7/23/2016 3:00,-0.011666667,-0.248333333,-1.176666667,-0.43,-0.961666667
7/23/2016 4:00,-0.036666667,-0.225,0.5,-0.62,-0.175
7/23/2016 5:00,-0.03,-0.153333333,-0.508333333,-1.59,-1.811666667
7/23/2016 6:00,-0.016666667,-0.108333333,-0.605,-0.495,0.12
7/23/2016 7:00,-0.26,-0.176666667,-0.518333333,1.365,-0.098333333
7/23/2016 8:00,-0.333333333,-0.636666667,-0.301666667,0.188333333,-0.126666667
7/23/2016 9:00,0.223333333,0.341666667,-0.043333333,-0.888333333,-0.373333333
7/23/2016 10:00,-0.318333333,-0.105,0.156666667,0.773333333,-0.895
7/23/2016 11:00,-0.036666667,0.043333333,2.17,0.816666667,0.095
7/23/2016 12:00,-0.06,-0.093333333,3.38,0.646666667,-0.258333333
7/23/2016 13:00,-0.055,0.303333333,0.026666667,1.146666667,1.37
7/23/2016 14:00,-0.108333333,0.371666667,1.253333333,0.676666667,1.125
7/23/2016 15:00,0.25,0.238333333,0.423333333,-0.281666667,0.593333333
7/23/2016 16:00,0.428333333,0.285,1.07,-1.136666667,0.261666667
7/23/2016 17:00,0.156666667,0.3,1.96,1.218333333,2.1
7/23/2016 18:00,0.045,0.041666667,2.331666667,2.083333333,1.473333333
7/23/2016 19:00,-0.03,0.45,0.15,0.448333333,1.606666667
7/23/2016 20:00,0.155,0.465,0.12,0.001666667,0.51
7/23/2016 21:00,-0.24,0.01,-0.238333333,0.486666667,0.503333333
7/23/2016 22:00,-0.161666667,0.495,0.211666667,-0.31,0.281666667
7/23/2016 23:00,0.188333333,0.053333333,-0.951666667,-0.488333333,-0.458333333
7/24/2016 0:00,0.13,-0.883333333,-1.626666667,0.768333333,-1.68
7/24/2016 1:00,0.058333333,-0.51,0.14,0.073333333,-1.606666667
7/24/2016 2:00,-0.236666667,-0.481666667,-0.87,-3.886666667,-0.281666667
7/24/2016 3:00,-0.12,0.258333333,-0.991666667,-1.785,-0.91
7/24/2016 4:00,-0.043333333,-0.31,-1.045,0.791666667,-2.678333333
7/24/2016 5:00,0.001666667,-0.4,-0.695,-0.213333333,-0.251666667
7/24/2016 6:00,-0.031666667,-0.143333333,0.7,-0.418333333,0.218333333
7/24/2016 7:00,-0.111666667,-1.55,-1.003333333,-1.013333333,-0.583333333
7/24/2016 8:00,-0.073333333,1.678333333,-1.835,-0.991666667,-0.245
7/24/2016 9:00,-0.351666667,0.133333333,-1.015,-1.128333333,-1.64
7/24/2016 10:00,-0.165,0.011666667,-0.36,0.318333333,-0.201666667
7/24/2016 11:00,0.215,0.166666667,0.061666667,-0.668333333,-0.816666667
7/24/2016 12:00,-0.076666667,0.075,3.116666667,-0.306666667,1.08
7/24/2016 13:00,-0.016666667,-0.14,0.883333333,1.39,0.428333333
7/24/2016 14:00,0.055,0.368333333,-0.483333333,3.905,1.99
7/24/2016 15:00,-0.17,-0.086666667,0.911666667,1.748333333,1.445
7/24/2016 16:00,0.658333333,0.293333333,-1.353333333,0.251666667,0.736666667
7/24/2016 17:00,0.345,-0.021666667,-1.823333333,0.491666667,-0.965
7/24/2016 18:00,0.195,0.283333333,2.603333333,0.365,1.886666667
7/24/2016 19:00,0.1,-0.141666667,1.828333333,-0.18,0.851666667
7/24/2016 20:00,0.101666667,0.121666667,2.023333333,0.973333333,0.326666667
7/24/2016 21:00,-0.388333333,1.018333333,-0.006666667,-1.423333333,1.125
7/24/2016 22:00,0.071666667,0.438333333,2.303333333,1.233333333,0.921666667
7/24/2016 23:00,-0.198333333,-0.048333333,-0.853333333,-0.87,-0.636666667
7/25/2016 0:00,0.138333333,0.095,-3.146666667,0.04,-0.926666667
7/25/2016 1:00,-0.178333333,-0.528333333,-1.178333333,-3.501666667,-3.926666667
7/25/2016 2:00,0.088333333,-1.058333333,-1.951666667,-1.393333333,-0.756666667
7/25/2016 3:00,-0.285,-0.61,-1.658333333,-0.146666667,1.336666667
7/25/2016 4:00,0.135,0.075,-1.991666667,1.395,0.36
7/25/2016 5:00,0.156666667,-0.79,-1.281666667,-3.318333333,-3.161666667
7/25/2016 6:00,0.088333333,0.2,1.863333333,-0.491666667,1.653333333
7/25/2016 7:00,-0.02,-0.395,-0.225,-1.005,-0.391666667
7/25/2016 8:00,-0.176666667,-0.486666667,-0.238333333,0.091666667,-0.618333333
7/25/2016 9:00,-0.311666667,1.005,-0.138333333,-0.793333333,0.15
7/25/2016 10:00,-0.095,0.21,-0.521666667,0.936666667,-0.54
7/25/2016 11:00,-0.13,-0.105,1.771666667,0.463333333,-1.198333333
7/25/2016 12:00,-0.173333333,0.138333333,1.505,1.096666667,1.918333333
7/25/2016 13:00,-0.185,-0.02,1.65,0.108333333,1.895
7/25/2016 14:00,-0.011666667,0.171666667,1.855,0.716666667,0.305
7/25/2016 15:00,0.963333333,0.541666667,1.34,1.563333333,-0.705
7/25/2016 16:00,0.283333333,0.201666667,-0.47,0.62,1.545
7/25/2016 17:00,0.54,0.395,-3.633333333,0.438333333,-0.865
7/25/2016 18:00,0.425,-0.251666667,-0.076666667,0.521666667,0.801666667
7/25/2016 19:00,0.128333333,0.055,1.061666667,-0.276666667,0.308333333
7/25/2016 20:00,0.016666667,-0.091666667,0.838333333,0.505,-0.243333333
7/25/2016 21:00,-0.083333333,0.355,-0.456666667,-0.585,0.87
7/25/2016 22:00,-0.315,0.716666667,-0.113333333,-1.1,-0.041666667
7/25/2016 23:00,0.126666667,0.106666667,0.28,0.471666667,1.258333333
7/26/2016 0:00,-0.18,-0.201666667,-1.476666667,0.376666667,-0.89
7/26/2016 1:00,-0.001666667,-0.448333333,-1.636666667,-0.798333333,0.201666667
7/26/2016 2:00,-0.3,-0.336666667,0.381666667,-0.996666667,-0.871666667
7/26/2016 3:00,0.143333333,-0.43,-0.206666667,0.626666667,-1.151666667
7/26/2016 4:00,-0.008333333,-0.261666667,-0.42,0.193333333,-1.535
7/26/2016 5:00,-0.161666667,-0.1,-0.123333333,-0.205,-0.095
7/26/2016 6:00,-0.04,-0.066666667,0.188333333,-0.25,-0.556666667
7/26/2016 7:00,-0.035,-0.206666667,-0.515,-0.161666667,-0.678333333
7/26/2016 8:00,-0.021666667,-0.14,-0.5,-0.445,-1.005
7/26/2016 9:00,-0.173333333,-0.108333333,0.181666667,0.148333333,-0.425
7/26/2016 10:00,-0.045,-0.348333333,-0.521666667,-0.003333333,-0.748333333
7/26/2016 11:00,-0.155,0.086666667,-0.07,-0.015,-0.073333333
7/26/2016 12:00,0.048333333,0.001666667,1.143333333,-1.78,0.451666667
7/26/2016 13:00,0.061666667,0.333333333,1.166666667,0.228333333,0.64
7/26/2016 14:00,-0.148333333,0.068333333,0.725,2.176666667,0.196666667
7/26/2016 15:00,0.073333333,0.306666667,0.735,0.14,2.705
7/26/2016 16:00,0.043333333,0.643333333,1.29,0.558333333,2.155
7/26/2016 17:00,0.288333333,0.401666667,0.05,-0.103333333,0.441666667
7/26/2016 18:00,0.236666667,0.688333333,-1.625,0.521666667,0.326666667
7/26/2016 19:00,0.163333333,0.073333333,-0.495,0.286666667,-0.393333333
7/26/2016 20:00,-0.008333333,-0.098333333,2.785,-0.021666667,0.026666667
7/26/2016 21:00,0.031666667,-0.026666667,-0.141666667,0.105,0.665
7/26/2016 22:00,-0.293333333,0.17,0.346666667,0.808333333,-0.02
7/26/2016 23:00,0.16,0.305,-1.021666667,0.35,0.763333333
7/27/2016 0:00,-0.061666667,-0.231666667,0.176666667,0.023333333,-0.921666667
7/27/2016 1:00,0.058333333,-0.228333333,-0.523333333,0.186666667,-0.318333333
7/27/2016 2:00,0.146666667,-0.181666667,-0.325,-0.405,-0.72
7/27/2016 3:00,-0.106666667,-0.326666667,-0.571666667,-2.146666667,-0.541666667
7/27/2016 4:00,0.07,-0.656666667,-0.966666667,-0.563333333,-0.846666667
7/27/2016 5:00,-0.111666667,-0.338333333,-0.805,-1.67,0.093333333
7/27/2016 6:00,-0.146666667,0.013333333,-0.218333333,-0.815,-0.813333333
7/27/2016 7:00,-0.001666667,0.018333333,-2.59,-0.531666667,-0.853333333
7/27/2016 8:00,0.12,-0.233333333,0.993333333,0.818333333,-0.288333333
7/27/2016 9:00,0.001666667,0.038333333,-0.051666667,1.025,-0.051666667
7/27/2016 10:00,-0.136666667,-0.153333333,0.54,-0.091666667,-0.028333333
7/27/2016 11:00,-0.241666667,0.011666667,0.316666667,0.121666667,-0.415
7/27/2016 12:00,0.061666667,-0.006666667,0.468333333,-0.181666667,0.443333333
7/27/2016 13:00,-0.013333333,0.133333333,1.048333333,0.451666667,-0.07
7/27/2016 14:00,-0.056666667,0.291666667,0.903333333,2.158333333,2.676666667
7/27/2016 15:00,0.03,0.241666667,-0.061666667,-1.163333333,2.331666667
7/27/2016 16:00,-0.165,0.513333333,1.77,1.083333333,0.786666667
7/27/2016 17:00,0.236666667,0.488333333,0.41,1.305,0.636666667
7/27/2016 18:00,0.486666667,-0.538333333,-3.228333333,1.525,0.045
7/27/2016 19:00,0.355,-0.238333333,1.286666667,0.081666667,-0.093333333
7/27/2016 20:00,0.251666667,-0.228333333,-0.02,-0.711666667,0.546666667
7/27/2016 21:00,0.026666667,-0.465,2.091666667,-0.263333333,0.485
7/27/2016 22:00,0.048333333,0.446666667,0.49,1.626666667,0.273333333
7/27/2016 23:00,-0.201666667,0.663333333,1.516666667,-0.095,0.541666667
7/28/2016 0:00,-0.393333333,0.866666667,-1.096666667,0.098333333,0.111666667
7/28/2016 1:00,-0.066666667,0.055,-1.558333333,-0.785,-0.416666667
7/28/2016 2:00,0.211666667,-0.156666667,-0.81,-0.886666667,-0.565
7/28/2016 3:00,0.175,-0.275,-1.871666667,-0.431666667,-1.85
7/28/2016 4:00,-0.295,-0.673333333,0.708333333,-0.158333333,-2.148333333
7/28/2016 5:00,-0.146666667,-0.743333333,-0.823333333,-0.85,-1.321666667
7/28/2016 6:00,-0.166666667,-0.166666667,-0.013333333,-0.193333333,0.376666667
7/28/2016 7:00,0.128333333,-0.33,-0.663333333,-0.518333333,0.395
7/28/2016 8:00,0.163333333,-0.663333333,-1.176666667,-0.711666667,-0.836666667
7/28/2016 9:00,0.225,-0.091666667,0.848333333,-0.38,-0.513333333
7/28/2016 10:00,0.138333333,0.626666667,-1.011666667,-0.271666667,-1.131666667
7/28/2016 11:00,-0.085,-0.75,0.373333333,0.018333333,-0.035
7/28/2016 12:00,-0.606666667,0.906666667,-0.051666667,-0.266666667,-0.266666667
7/28/2016 13:00,-0.076666667,0.571666667,1.701666667,0.291666667,0.805
7/28/2016 14:00,-0.12,0.26,0.901666667,0.855,4.06
7/28/2016 15:00,0.05,0.436666667,1.515,2.113333333,1.395
7/28/2016 16:00,-0.071666667,0.058333333,-0.593333333,1.071666667,-0.351666667
7/28/2016 17:00,0.105,0.265,-0.793333333,-1.72,0.533333333
7/28/2016 18:00,-0.126666667,-0.026666667,2.636666667,1.093333333,0.435
7/28/2016 19:00,1.06,-0.23,-1.526666667,1.941666667,-0.153333333
7/28/2016 20:00,0.326666667,-0.226666667,-0.865,-0.71,0.371666667
7/28/2016 21:00,0.16,-0.035,-1.173333333,-1.43,-0.696666667
7/28/2016 22:00,-0.006666667,-0.711666667,2.223333333,-0.468333333,0.035
7/28/2016 23:00,-0.051666667,-0.18,1.768333333,-0.89,-0.375
7/29/2016 0:00,-0.231666667,0.65,-1.198333333,-0.428333333,-0.905
7/29/2016 1:00,-0.17,1.018333333,-1.228333333,-0.985,-0.78
7/29/2016 2:00,-0.51,0.07,-1.03,-0.111666667,-0.698333333
7/29/2016 3:00,0.101666667,-0.115,-0.225,-0.148333333,-0.561666667
7/29/2016 4:00,-0.248333333,-0.405,-1.445,-0.66,-0.31
7/29/2016 5:00,-0.068333333,-0.331666667,0.648333333,-0.985,-0.053333333
7/29/2016 6:00,-0.15,-0.841666667,-2.531666667,1.365,-1.095
7/29/2016 7:00,-0.265,-0.388333333,0.243333333,-0.653333333,0.213333333
7/29/2016 8:00,0.201666667,-0.08,-0.073333333,-2.11,0.001666667
7/29/2016 9:00,0.478333333,-0.421666667,-1.416666667,0.245,-1.196666667
7/29/2016 10:00,0.263333333,-0.078333333,0.468333333,0.253333333,-0.193333333
7/29/2016 11:00,-0.008333333,-0.126666667,1.386666667,0.32,-0.66
7/29/2016 12:00,-0.54,0.161666667,-1.513333333,0,-0.136666667
7/29/2016 13:00,-0.131666667,0.356666667,0.501666667,-0.435,-0.136666667
7/29/2016 14:00,0.323333333,-0.123333333,0.035,-0.023333333,-0.551666667
7/29/2016 15:00,-0.186666667,-0.29,1.206666667,0.808333333,-0.053333333
7/29/2016 16:00,-0.156666667,-0.215,-2.085,1.048333333,1.218333333
7/29/2016 17:00,-0.315,0.311666667,1.085,0.426666667,0.683333333
7/29/2016 18:00,-0.19,0.608333333,1.436666667,1.613333333,0.258333333
7/29/2016 19:00,0.38,0.536666667,0.898333333,-1.02,0.203333333
7/29/2016 20:00,0.201666667,-0.208333333,-1.926666667,-1.428333333,-0.058333333
7/29/2016 21:00,0.578333333,-0.756666667,0.99,-0.316666667,-0.463333333
7/29/2016 22:00,0.345,0.27,3.881666667,0.551666667,0.413333333
7/29/2016 23:00,-0.113333333,0.643333333,0.96,1.636666667,0.145
7/30/2016 0:00,0.175,-0.543333333,0.011666667,-0.741666667,0.313333333
7/30/2016 1:00,-0.096666667,0.688333333,-0.806666667,-1.746666667,-0.393333333
7/30/2016 2:00,-0.528333333,0.193333333,0.87,-0.476666667,-0.81
7/30/2016 3:00,-0.201666667,-0.013333333,-0.858333333,-0.555,-0.038333333
7/30/2016 4:00,0.066666667,-0.51,-1.115,-0.196666667,-0.503333333
7/30/2016 5:00,-0.301666667,-0.143333333,0.551666667,-0.721666667,-0.83
7/30/2016 6:00,-0.126666667,-0.263333333,-1.155,-0.633333333,-0.178333333
7/30/2016 7:00,-0.155,-0.953333333,-2.548333333,0.011666667,-0.405
7/30/2016 8:00,-0.118333333,0.031666667,1.093333333,-0.046666667,0.296666667
7/30/2016 9:00,-0.311666667,-0.055,0.946666667,-0.185,-0.008333333
7/30/2016 10:00,0.771666667,-0.15,-1.47,0.55,-0.986666667
7/30/2016 11:00,0.155,0.308333333,-0.75,0.605,-0.301666667
7/30/2016 12:00,0.333333333,-0.111666667,0.791666667,0.938333333,-0.231666667
7/30/2016 13:00,-0.418333333,0.446666667,2.371666667,0.195,0.743333333
7/30/2016 14:00,-0.28,0.793333333,0.205,1.22,1.103333333
7/30/2016 15:00,-0.321666667,0.035,1.161666667,0.085,1.998333333
7/30/2016 16:00,0.223333333,0.268333333,0.813333333,2.698333333,0.568333333
7/30/2016 17:00,0.056666667,0.778333333,0.538333333,0.59,0.923333333
7/30/2016 18:00,0.121666667,0.838333333,-2.093333333,-1.013333333,0.516666667
7/30/2016 19:00,0.085,0.055,-0.908333333,3.48,1.03
7/30/2016 20:00,0.025,-0.806666667,0.803333333,0.111666667,0.466666667
7/30/2016 21:00,0.143333333,-0.365,0.415,-3.125,-1.236666667
7/30/2016 22:00,0.306666667,-0.501666667,-2.651666667,-1.871666667,-0.536666667
7/30/2016 23:00,0.245,-0.56,-1.166666667,0.088333333,-1.403333333
7/31/2016 0:00,0.01,-0.421666667,1.59,0.113333333,-1.183333333
7/31/2016 1:00,0.038333333,-0.128333333,-0.141666667,-0.663333333,-0.238333333
7/31/2016 2:00,-0.085,1.006666667,0.52,-0.36,0.306666667
7/31/2016 3:00,-0.336666667,0.686666667,0.321666667,-0.256666667,-0.178333333
7/31/2016 4:00,-0.415,-0.021666667,-0.47,0.238333333,-0.14
7/31/2016 5:00,-0.11,-0.445,-1.545,-0.31,-0.533333333
7/31/2016 6:00,-0.053333333,-0.266666667,-1.278333333,-0.326666667,-1.016666667
7/31/2016 7:00,-0.285,-0.473333333,-0.593333333,0.335,-0.221666667
7/31/2016 8:00,-0.186666667,-0.48,-0.633333333,-0.35,-0.243333333
7/31/2016 9:00,-0.19,-0.41,-0.148333333,-0.415,0.193333333
7/31/2016 10:00,-0.11,0.17,-0.318333333,0.285,-0.386666667
7/31/2016 11:00,0.566666667,-0.935,0.918333333,0.121666667,-0.033333333
7/31/2016 12:00,0.528333333,0,-0.146666667,0.675,-0.003333333
7/31/2016 13:00,0.465,0.603333333,0.861666667,-0.22,-0.515
7/31/2016 14:00,-0.315,0.166666667,0.251666667,0.566666667,0.603333333
7/31/2016 15:00,0.131666667,0.276666667,0.296666667,0.658333333,1.636666667
7/31/2016 16:00,-0.363333333,0.728333333,0.981666667,0.495,2.628333333
7/31/2016 17:00,0.05,0.638333333,3.021666667,0.698333333,2.73
7/31/2016 18:00,-0.241666667,0.445,-0.161666667,0.69,1.701666667
7/31/2016 19:00,-0.1,0.303333333,0.953333333,0.233333333,-0.183333333
7/31/2016 20:00,0.158333333,-0.405,0.071666667,0.12,-2.016666667
7/31/2016 21:00,-0.475,-0.448333333,0.821666667,-1.061666667,-0.701666667
7/31/2016 22:00,0.313333333,-0.376666667,-1.495,-0.101666667,0.028333333
7/31/2016 23:00,0.598333333,-0.301666667,-1.761666667,-1.48,-1.508333333
8/1/2016 0:00,0.228333333,-0.183333333,-0.165,-0.065,-1.015
8/1/2016 1:00,0.291666667,-0.498333333,-0.545,-0.26,-1.261666667
8/1/2016 2:00,0.126666667,0.12,-0.546666667,-1.291666667,-0.375
8/1/2016 3:00,-0.11,0.25,0.066666667,-0.571666667,-0.445
8/1/2016 4:00,-0.611666667,0.048333333,-0.151666667,-0.793333333,-0.223333333
8/1/2016 5:00,-0.261666667,-0.043333333,-0.021666667,-0.84,-0.186666667
8/1/2016 6:00,0.095,-0.131666667,-0.811666667,-0.175,1.876666667
8/1/2016 7:00,-0.245,-0.245,-0.095,0.025,-0.538333333
8/1/2016 8:00,0.13,-0.23,-0.058333333,1.056666667,-1.381666667
8/1/2016 9:00,-0.428333333,-0.111666667,-0.77,-0.556666667,-0.565
8/1/2016 10:00,-0.176666667,-0.026666667,0.095,-0.561666667,-0.493333333
8/1/2016 11:00,-0.165,0.106666667,0.115,0.465,0.561666667
8/1/2016 12:00,0.406666667,0.203333333,-0.286666667,0.271666667,0.225
8/1/2016 13:00,0.305,0.126666667,1.561666667,-0.738333333,-0.015
8/1/2016 14:00,0.27,0.393333333,-0.136666667,1.568333333,-0.11
8/1/2016 15:00,-0.875,0.663333333,1.59,2.971666667,1.15
8/1/2016 16:00,0.08,0.506666667,1.501666667,1.82,0.795
8/1/2016 17:00,0.02,-0.068333333,2.388333333,0.555,1.635
8/1/2016 18:00,-0.035,0.818333333,0.41,0.858333333,1.415
8/1/2016 19:00,-0.091666667,0.781666667,1.63,0.245,1.646666667
8/1/2016 20:00,0.403333333,0.316666667,-0.393333333,-0.036666667,-0.816666667
8/1/2016 21:00,0.066666667,-0.385,0.096666667,-0.038333333,-0.068333333
8/1/2016 22:00,0.105,-0.586666667,-1.171666667,-0.628333333,0.433333333
8/1/2016 23:00,-0.028333333,-0.395,-1.19,-0.143333333,-0.895
8/2/2016 0:00,0.193333333,-0.183333333,-0.465,-0.393333333,-0.605
8/2/2016 1:00,0.031666667,-0.343333333,-0.466666667,-0.293333333,-1.193333333
8/2/2016 2:00,0.065,0.016666667,0.881666667,-0.616666667,-0.801666667
8/2/2016 3:00,0.135,-0.071666667,0.136666667,-0.576666667,-0.496666667
8/2/2016 4:00,-0.293333333,0.118333333,-0.796666667,-0.733333333,-0.71
8/2/2016 5:00,-0.235,0.19,-0.786666667,-0.363333333,0.021666667
8/2/2016 6:00,-0.275,0.031666667,-0.831666667,-0.43,-0.12
8/2/2016 7:00,-0.191666667,-0.311666667,1.413333333,-0.193333333,-0.335
8/2/2016 8:00,0.235,-0.27,0.911666667,-0.988333333,-1.291666667
8/2/2016 9:00,-0.265,-0.146666667,-2.245,0.226666667,0.176666667
8/2/2016 10:00,0.198333333,-0.491666667,-1.201666667,-0.111666667,0.618333333
8/2/2016 11:00,-0.123333333,0.191666667,0.123333333,-1.07,0.258333333
8/2/2016 12:00,-0.251666667,-0.043333333,-0.378333333,0.671666667,-0.081666667
8/2/2016 13:00,0.298333333,0.091666667,-1.676666667,0.18,-0.495
8/2/2016 14:00,0.056666667,-0.028333333,2.005,0.266666667,-0.215
8/2/2016 15:00,0.168333333,0.131666667,0.96,0.46,0.148333333
8/2/2016 16:00,0.316666667,0.195,1.08,1.081666667,0.446666667
8/2/2016 17:00,-0.553333333,0.16,-0.373333333,1.546666667,0.255
8/2/2016 18:00,0.398333333,0.388333333,0.696666667,1.09,1.02
8/2/2016 19:00,-0.48,0.593333333,1.21,1.215,0.368333333
8/2/2016 20:00,0.518333333,0.223333333,1.501666667,0.171666667,0.086666667
8/2/2016 21:00,0.148333333,0.331666667,0.34,0.678333333,0.71
8/2/2016 22:00,0.123333333,-0.246666667,-1.335,-0.37,0.675
8/2/2016 23:00,-0.088333333,-0.606666667,-0.926666667,-2.408333333,-0.183333333
8/3/2016 0:00,-0.051666667,-0.381666667,-1.638333333,-2.111666667,-1.55
8/3/2016 1:00,0.141666667,0.135,-0.15,0.385,-1.431666667
8/3/2016 2:00,0.073333333,0.138333333,1.428333333,1.903333333,-0.863333333
8/3/2016 3:00,-0.02,-0.055,1.49,0.211666667,1.426666667
8/3/2016 4:00,0.103333333,-0.285,-1.436666667,-0.73,-0.805
8/3/2016 5:00,-0.26,0.093333333,0.42,-0.496666667,-0.58
8/3/2016 6:00,-0.286666667,0.081666667,-0.903333333,-0.641666667,-1.173333333
8/3/2016 7:00,-0.53,-0.151666667,-1.655,-0.735,-0.886666667
8/3/2016 8:00,-0.035,-0.295,0.378333333,-0.355,0.275
8/3/2016 9:00,0.326666667,-0.17,-0.863333333,-0.178333333,0.191666667
8/3/2016 10:00,-0.08,-0.351666667,0.765,-0.835,-0.625
8/3/2016 11:00,-0.165,0.216666667,-0.686666667,0.04,1.535
8/3/2016 12:00,0.048333333,0.115,-0.26,0.803333333,0.63
8/3/2016 13:00,0.068333333,0.263333333,0.368333333,0.511666667,-0.388333333
8/3/2016 14:00,0.411666667,0.121666667,-0.635,1.915,-0.246666667
8/3/2016 15:00,0.228333333,0.368333333,2.253333333,1.15,0.156666667
8/3/2016 16:00,0.433333333,0.518333333,1.51,0.403333333,1.648333333
8/3/2016 17:00,-0.295,0.24,0.845,0.465,0.985
8/3/2016 18:00,0.168333333,0.401666667,-0.101666667,0.483333333,1.57
8/3/2016 19:00,-0.475,0.68,2.358333333,0.271666667,1.108333333
8/3/2016 20:00,0.12,0.55,0.005,0.063333333,0.67
8/3/2016 21:00,0.513333333,0.361666667,0.36,0.151666667,-0.2
8/3/2016 22:00,0.085,0.083333333,-1.433333333,-0.225,-0.503333333
8/3/2016 23:00,0.34,-0.636666667,-2.238333333,-0.035,-0.693333333
8/4/2016 0:00,-0.365,-0.59,-1.201666667,-0.96,-1.911666667
8/4/2016 1:00,0.013333333,-0.748333333,-1.96,-0.343333333,-1.558333333
8/4/2016 2:00,0.091666667,0.038333333,-0.475,0.025,-1.97
8/4/2016 3:00,-0.02,-0.005,2.191666667,-0.078333333,-0.92
8/4/2016 4:00,0.055,-0.671666667,2.856666667,-0.656666667,0.221666667
8/4/2016 5:00,-0.185,0.143333333,-1.223333333,-0.44,-0.866666667
8/4/2016 6:00,-0.273333333,0.815,-1.918333333,-0.456666667,0.586666667
8/4/2016 7:00,-0.306666667,0.136666667,-1.088333333,-0.601666667,-0.141666667
8/4/2016 8:00,-0.22,-0.438333333,1.096666667,-0.735,0.02
8/4/2016 9:00,-0.101666667,-0.221666667,1.078333333,-0.36,0.525
8/4/2016 10:00,0.095,-0.398333333,-1.516666667,-0.095,-0.783333333
8/4/2016 11:00,-0.13,-0.143333333,-1.271666667,0.483333333,0.38
8/4/2016 12:00,-0.023333333,-0.241666667,1.156666667,-0.131666667,1.906666667
8/4/2016 13:00,0.215,0.263333333,0.066666667,-0.486666667,0.766666667
8/4/2016 14:00,0.13,0.081666667,-1.621666667,0.79,-0.968333333
8/4/2016 15:00,0.461666667,0.336666667,2.561666667,-0.143333333,0.345
8/4/2016 16:00,0.183333333,0.285,1.621666667,0.546666667,2.091666667
8/4/2016 17:00,0.326666667,0.535,0.556666667,2.386666667,0.691666667
8/4/2016 18:00,-0.615,0.56,1.16,1.95,1.563333333
8/4/2016 19:00,-0.085,0.983333333,0.628333333,-0.025,0.776666667
8/4/2016 20:00,-0.068333333,0.268333333,0.021666667,0.165,0.59
8/4/2016 21:00,0.038333333,0.346666667,0.848333333,-0.571666667,0.91
8/4/2016 22:00,0.453333333,0.418333333,-0.653333333,0.033333333,-0.37
8/4/2016 23:00,0.226666667,-0.231666667,-1.068333333,-0.598333333,-0.438333333
8/5/2016 0:00,0.116666667,-0.988333333,-1.523333333,1.286666667,-1.348333333
8/5/2016 1:00,-0.31,-0.226666667,0.346666667,-2.118333333,-1.64
8/5/2016 2:00,0.291666667,-0.521666667,-1.621666667,-1.28,-0.833333333
8/5/2016 3:00,-0.09,-0.583333333,-1.105,-0.886666667,-2.095
8/5/2016 4:00,0.078333333,-0.336666667,1.726666667,0.17,0.676666667
8/5/2016 5:00,0.091666667,-1.011666667,0.456666667,-0.003333333,-1.953333333
8/5/2016 6:00,-0.225,0.413333333,-0.358333333,-0.77,0.35
8/5/2016 7:00,-0.011666667,1.073333333,-0.836666667,-0.421666667,0.021666667
8/5/2016 8:00,-0.356666667,-0.033333333,-0.746666667,-0.85,-0.195
8/5/2016 9:00,-0.371666667,-0.481666667,-0.526666667,-0.688333333,-0.001666667
8/5/2016 10:00,-0.195,-0.383333333,-0.82,-0.128333333,0.105
8/5/2016 11:00,-0.006666667,-0.321666667,1.526666667,0.025,-0.593333333
8/5/2016 12:00,-0.125,0.366666667,-0.936666667,1.746666667,1.37
8/5/2016 13:00,-0.011666667,0.03,0.7,0.01,1.073333333
8/5/2016 14:00,-0.051666667,-0.206666667,1.303333333,2.153333333,-0.146666667
8/5/2016 15:00,0.775,0.25,-1.651666667,0.696666667,1.183333333
8/5/2016 16:00,0.318333333,1.163333333,1.645,0.093333333,0.433333333
8/5/2016 17:00,0.268333333,-0.471666667,2.785,0.683333333,1.171666667
8/5/2016 18:00,0.028333333,0.003333333,1.931666667,0.141666667,0.541666667
8/5/2016 19:00,-0.385,1.696666667,1.075,0.231666667,0.506666667
8/5/2016 20:00,0.056666667,0.751666667,0.668333333,-0.195,0.703333333
8/5/2016 21:00,-0.2,0.5,-0.118333333,-1.163333333,0.445
8/5/2016 22:00,0.298333333,0.133333333,-1.346666667,-0.351666667,0.028333333
8/5/2016 23:00,0.023333333,-0.815,-2.778333333,-0.346666667,-0.55
8/6/2016 0:00,0.095,-0.225,-0.045,-0.873333333,-0.353333333
8/6/2016 1:00,-0.258333333,-0.756666667,-0.91,-0.351666667,-0.988333333
8/6/2016 2:00,-0.083333333,-0.485,-1.506666667,-0.113333333,-0.218333333
8/6/2016 3:00,0.05,-0.496666667,-0.608333333,-0.921666667,-0.671666667
8/6/2016 4:00,-0.008333333,-0.581666667,0.931666667,-0.231666667,-1.056666667
8/6/2016 5:00,0.003333333,-0.645,-0.371666667,-0.871666667,-0.46
8/6/2016 6:00,-0.075,-0.48,-0.676666667,-0.1,0.178333333
8/6/2016 7:00,-0.293333333,0.22,-0.185,0.295,-0.158333333
8/6/2016 8:00,-0.628333333,0.671666667,-0.696666667,-0.68,-0.25
8/6/2016 9:00,0.47,-0.16,-0.14,-0.366666667,-0.096666667
8/6/2016 10:00,-0.245,-0.34,0.221666667,-0.125,-0.071666667
8/6/2016 11:00,-0.198333333,-0.04,0.138333333,0.331666667,-0.143333333
8/6/2016 12:00,-0.073333333,0.086666667,-0.191666667,0.418333333,0.455
8/6/2016 13:00,0.28,0.251666667,0.518333333,0.21,-0.42
8/6/2016 14:00,0.03,0.19,1.9,0.581666667,0.331666667
8/6/2016 15:00,-0.106666667,0.586666667,-0.558333333,1.01,-0.33
8/6/2016 16:00,0.48,0.301666667,0.868333333,0.338333333,0.566666667
8/6/2016 17:00,0.116666667,0.183333333,1.578333333,0.538333333,1.3
8/6/2016 18:00,0.06,-0.665,0.661666667,0.415,0.555
8/6/2016 19:00,0.205,0.275,0.706666667,0.226666667,0.248333333
8/6/2016 20:00,-0.478333333,1.525,0.633333333,0.231666667,1.285
8/6/2016 21:00,-0.19,0.375,-0.295,0.225,-0.291666667
8/6/2016 22:00,0.036666667,0.116666667,-0.343333333,-0.216666667,-0.291666667
8/6/2016 23:00,0.295,-0.458333333,-0.768333333,-0.99,-1.445
8/7/2016 0:00,0.073333333,-0.64,-2.241666667,-0.57,0.231666667
8/7/2016 1:00,0.133333333,-0.85,-3.511666667,-0.436666667,0.146666667
8/7/2016 2:00,-0.191666667,-0.366666667,-2.576666667,-1.096666667,-0.906666667
8/7/2016 3:00,-0.12,-0.176666667,0.051666667,-0.08,-0.595
8/7/2016 4:00,-0.238333333,-0.278333333,0.6,-0.181666667,-0.998333333
8/7/2016 5:00,0.031666667,-0.315,2.418333333,-0.145,-2.361666667
8/7/2016 6:00,0.128333333,-0.065,-0.346666667,-0.828333333,0.745
8/7/2016 7:00,-0.44,0.206666667,0.251666667,-0.095,-0.331666667
8/7/2016 8:00,-0.28,-0.15,-1.315,-1.241666667,-0.166666667
8/7/2016 9:00,0.27,-0.093333333,-0.903333333,0.018333333,-0.188333333
8/7/2016 10:00,0.02,-0.218333333,0.483333333,-0.045,-0.363333333
8/7/2016 11:00,-0.093333333,-0.051666667,2.165,0.436666667,0.52
8/7/2016 12:00,-0.261666667,0.086666667,-0.066666667,0.21,0.583333333
8/7/2016 13:00,0.013333333,0.07,0.145,0.591666667,1.25
8/7/2016 14:00,0.09,0.215,0.893333333,3.481666667,0.616666667
8/7/2016 15:00,-0.013333333,0.266666667,0.803333333,0.53,-0.021666667
8/7/2016 16:00,0.74,0.955,-0.061666667,0.196666667,0.748333333
8/7/2016 17:00,0.168333333,1.293333333,-1.393333333,0.488333333,-0.15
8/7/2016 18:00,-0.01,-0.118333333,3.66,0.188333333,0.845
8/7/2016 19:00,0.071666667,0.48,2.503333333,0.325,0.051666667
8/7/2016 20:00,-0.16,-0.353333333,0.338333333,0.415,-0.208333333
8/7/2016 21:00,-0.26,1.285,0.15,-0.151666667,0.15
8/7/2016 22:00,-0.013333333,-0.163333333,-0.351666667,-0.408333333,-0.143333333
8/7/2016 23:00,0.066666667,-0.38,-0.413333333,-0.836666667,-0.201666667
8/8/2016 0:00,0.323333333,0.076666667,-1.821666667,-0.026666667,-1.066666667
8/8/2016 1:00,-0.03,-0.393333333,-0.325,-1.99,-0.6
8/8/2016 2:00,0.006666667,-1.026666667,-2.84,-1.993333333,-0.401666667
8/8/2016 3:00,-0.14,-0.455,-1.23,-1.206666667,0.736666667
8/8/2016 4:00,0.066666667,-0.735,-0.806666667,0.065,-0.203333333
8/8/2016 5:00,-0.426666667,-0.648333333,0.76,-0.808333333,-1.105
8/8/2016 6:00,0.033333333,-0.046666667,1.541666667,0,-1.48
8/8/2016 7:00,-0.155,-0.49,-1.286666667,0.086666667,0.003333333
8/8/2016 8:00,-0.236666667,0.585,-0.445,-0.148333333,-0.546666667
8/8/2016 9:00,-0.416666667,0.403333333,-0.426666667,-0.346666667,0.08
8/8/2016 10:00,0.065,-0.106666667,-0.238333333,0.426666667,0.126666667
8/8/2016 11:00,0,-0.043333333,0.831666667,0.473333333,0.108333333
8/8/2016 12:00,0.205,-0.088333333,0.558333333,0.923333333,0.27
8/8/2016 13:00,0.065,-0.53,-0.508333333,-0.135,0.946666667
8/8/2016 14:00,-0.116666667,0.135,0.476666667,2.503333333,0.255
8/8/2016 15:00,0.248333333,0.038333333,2.183333333,3.64,0.901666667
8/8/2016 16:00,-0.123333333,0.838333333,-2.858333333,-0.706666667,2.238333333
8/8/2016 17:00,0.391666667,-0.16,1.561666667,-1.09,2.998333333
8/8/2016 18:00,-0.023333333,-1.178333333,0.643333333,-0.996666667,0.611666667
8/8/2016 19:00,0.065,0.116666667,0.661666667,0.191666667,-0.088333333
8/8/2016 20:00,0.095,-0.43,1.758333333,1.566666667,0.231666667
8/8/2016 21:00,-0.461666667,1.053333333,1.413333333,1.448333333,1.526666667
8/8/2016 22:00,0.271666667,1.161666667,-0.161666667,-0.488333333,-0.411666667
8/8/2016 23:00,-0.12,0.103333333,-0.791666667,-0.356666667,-1.445
8/9/2016 0:00,0.096666667,-0.136666667,-0.786666667,-0.36,-0.5
8/9/2016 1:00,0.228333333,-0.1,-1.206666667,-0.283333333,-0.421666667
8/9/2016 2:00,-0.08,-0.778333333,-0.75,0.331666667,0.36
8/9/2016 3:00,0.026666667,-1.005,-2.161666667,-1.846666667,-0.615
8/9/2016 4:00,-0.16,0.15,0.116666667,0.11,0.035
8/9/2016 5:00,0.053333333,-0.34,-0.16,-0.723333333,-1.593333333
8/9/2016 6:00,0.07,-0.573333333,0.45,0.008333333,-1.858333333
8/9/2016 7:00,0.11,0.81,-0.081666667,0.061666667,-0.756666667
8/9/2016 8:00,-0.248333333,-0.645,-0.48,-0.173333333,-1.991666667
8/9/2016 9:00,-0.36,-0.43,-0.733333333,-0.356666667,1.48
8/9/2016 10:00,-0.015,0.75,-0.133333333,-0.513333333,-0.283333333
8/9/2016 11:00,-0.756666667,-0.196666667,0.255,0.311666667,0.22
8/9/2016 12:00,0.363333333,0.098333333,1.156666667,0.74,0.153333333
8/9/2016 13:00,0.37,0.278333333,-0.651666667,1.256666667,1.576666667
8/9/2016 14:00,-0.23,0.186666667,-0.573333333,0.635,1.898333333
8/9/2016 15:00,0.298333333,-0.213333333,2.845,0.908333333,1.8
8/9/2016 16:00,0.45,0.021666667,-1.195,0.301666667,0.243333333
8/9/2016 17:00,-0.21,0.316666667,0.593333333,1.028333333,0.035
8/9/2016 18:00,0.695,0.256666667,1.655,-0.06,-0.731666667
8/9/2016 19:00,0.056666667,-0.4,0.713333333,1.34,0.861666667
8/9/2016 20:00,0.173333333,0.073333333,2.723333333,-0.926666667,0.653333333
8/9/2016 21:00,-0.075,0.191666667,0.618333333,-0.556666667,0.97
8/9/2016 22:00,-0.051666667,1.481666667,0.46,-0.043333333,-0.663333333
8/9/2016 23:00,-0.581666667,0.55,-1.566666667,-1.016666667,0.445
8/10/2016 0:00,-0.093333333,-0.203333333,-0.258333333,-1.078333333,-2.25
8/10/2016 1:00,0.148333333,-0.13,-1.713333333,-0.313333333,-0.315
8/10/2016 2:00,0.101666667,-0.288333333,-1.776666667,0.818333333,1.18
8/10/2016 3:00,0.008333333,-0.588333333,-0.401666667,-0.806666667,-0.688333333
8/10/2016 4:00,0.15,-0.865,-0.528333333,-0.62,-1.786666667
8/10/2016 5:00,-0.201666667,-0.175,-0.871666667,-0.57,-2.135
8/10/2016 6:00,0.03,-0.295,-0.096666667,-0.658333333,-0.038333333
8/10/2016 7:00,-0.066666667,-0.216666667,0.698333333,1.051666667,1.448333333
8/10/2016 8:00,0.18,-0.895,-0.378333333,-0.8,0.638333333
8/10/2016 9:00,-0.311666667,-0.193333333,-0.48,-0.375,-0.221666667
8/10/2016 10:00,-0.375,-0.368333333,-0.285,-0.306666667,-1.545
8/10/2016 11:00,-0.468333333,1.225,-0.48,0.286666667,0.353333333
8/10/2016 12:00,-0.288333333,-0.08,0.89,0.193333333,2.485
8/10/2016 13:00,0.283333333,0.223333333,-0.493333333,0.288333333,0.238333333
8/10/2016 14:00,0.315,0.293333333,-1.261666667,0.516666667,-0.443333333
8/10/2016 15:00,0.145,-0.145,2.523333333,0.921666667,-0.126666667
8/10/2016 16:00,0.23,0.536666667,1.063333333,0.148333333,1.313333333
8/10/2016 17:00,0.163333333,-0.315,0.666666667,0.46,0.271666667
8/10/2016 18:00,0.403333333,-0.681666667,0.308333333,-0.278333333,-3.151666667
8/10/2016 19:00,0.205,-0.275,0.938333333,-0.073333333,1.861666667
8/10/2016 20:00,0.13,-0.461666667,0.511666667,-0.171666667,-0.653333333
8/10/2016 21:00,-0.148333333,-0.03,0.173333333,0.365,-0.481666667
8/10/2016 22:00,0.173333333,0.02,0.038333333,-0.16,-0.376666667
8/10/2016 23:00,-0.453333333,0.501666667,-0.426666667,-0.211666667,-1.7
8/11/2016 0:00,-0.26,0.38,-1.175,-0.525,-1.618333333
8/11/2016 1:00,0.153333333,-0.04,-0.873333333,-0.431666667,0.476666667
8/11/2016 2:00,-0.136666667,-0.15,-0.98,-0.451666667,0.151666667
8/11/2016 3:00,-0.066666667,-0.206666667,-0.811666667,-0.42,-0.811666667
8/11/2016 4:00,0.086666667,-0.418333333,-1.131666667,-0.351666667,-1.101666667
8/11/2016 5:00,0.216666667,0.123333333,1.185,-0.216666667,0.373333333
8/11/2016 6:00,-0.255,-0.43,0.833333333,-0.218333333,-0.818333333
8/11/2016 7:00,-0.331666667,0.051666667,-0.751666667,0.226666667,-0.375
8/11/2016 8:00,0.238333333,0.091666667,-0.473333333,-0.01,0.73
8/11/2016 9:00,-0.141666667,-1.605,-0.345,-0.856666667,-0.178333333
8/11/2016 10:00,-0.103333333,-0.688333333,-0.288333333,-0.013333333,0.581666667
8/11/2016 11:00,-0.28,-0.41,-0.33,0.42,0.426666667
8/11/2016 12:00,0.47,2.231666667,0.771666667,0.921666667,0.885
8/11/2016 13:00,-0.151666667,0.26,1.53,0.873333333,3.041666667
8/11/2016 14:00,-0.25,0.943333333,1.1,0.753333333,2.631666667
8/11/2016 15:00,0.203333333,0.34,0.583333333,0.475,-0.526666667
8/11/2016 16:00,0.086666667,-0.266666667,0.743333333,0.273333333,0.381666667
8/11/2016 17:00,0.513333333,0.323333333,3.051666667,0.421666667,0.546666667
8/11/2016 18:00,-0.055,-0.173333333,-2.31,0.228333333,0.193333333
8/11/2016 19:00,0.316666667,0.511666667,0.326666667,-0.038333333,-0.36
8/11/2016 20:00,-0.171666667,0.39,1.248333333,-0.076666667,-1.258333333
8/11/2016 21:00,-0.108333333,-0.23,-1.715,-1.035,-0.78
8/11/2016 22:00,0.103333333,-0.573333333,0.145,0.625,-0.106666667
8/11/2016 23:00,-0.39,0.095,0.495,-0.693333333,-1.558333333
8/12/2016 0:00,-0.453333333,0.853333333,0.263333333,-1.031666667,-1.525
8/12/2016 1:00,0.046666667,0.281666667,-1.056666667,-0.886666667,-0.45
8/12/2016 2:00,0.056666667,-0.055,-0.598333333,-0.05,1.086666667
8/12/2016 3:00,-0.111666667,-0.225,-1.926666667,-0.446666667,-2.155
8/12/2016 4:00,0.285,-0.395,-0.433333333,0.4,0.99
8/12/2016 5:00,0.328333333,-0.61,-0.063333333,-0.01,-1.141666667
8/12/2016 6:00,0.041666667,0.103333333,-0.22,-0.846666667,-0.428333333
8/12/2016 7:00,-0.335,-0.581666667,-1.638333333,-1.091666667,-1.026666667
8/12/2016 8:00,-0.228333333,0.323333333,0.306666667,-0.973333333,0.036666667
8/12/2016 9:00,0.143333333,-0.221666667,-0.435,-0.068333333,-0.113333333
8/12/2016 10:00,0.216666667,-1.356666667,-0.661666667,0.053333333,0.138333333
8/12/2016 11:00,-0.458333333,-0.768333333,0.616666667,1.665,0.01
8/12/2016 12:00,-0.421666667,0.835,-0.005,0.903333333,1.438333333
8/12/2016 13:00,0.198333333,1.098333333,2.64,0.056666667,3.15
8/12/2016 14:00,-0.535,0.45,2.873333333,0.883333333,2.025
8/12/2016 15:00,0.535,0.506666667,1.245,0.741666667,0.603333333
8/12/2016 16:00,0.346666667,0.061666667,-0.47,0.221666667,0.591666667
8/12/2016 17:00,0.616666667,-0.173333333,1.241666667,0.263333333,-0.028333333
8/12/2016 18:00,0.388333333,1.166666667,-0.578333333,0.863333333,0.346666667
8/12/2016 19:00,0.026666667,-0.016666667,-1.01,0.353333333,-0.516666667
8/12/2016 20:00,0.015,0.03,0.66,-0.143333333,-1.925
8/12/2016 21:00,0.045,0.23,1.59,-2.416666667,0.301666667
8/12/2016 22:00,-0.131666667,-0.74,0.036666667,1.006666667,-3.391666667
8/12/2016 23:00,-0.02,-0.696666667,-0.948333333,-0.615,-0.946666667
8/13/2016 0:00,-0.311666667,-0.37,-1.38,0.143333333,-0.21
8/13/2016 1:00,-0.64,0.883333333,-0.858333333,-0.63,0.525
8/13/2016 2:00,-0.246666667,0.023333333,-0.926666667,-0.56,-0.903333333
8/13/2016 3:00,0.59,-0.153333333,-0.676666667,-0.275,0.106666667
8/13/2016 4:00,-0.138333333,-0.271666667,-1.136666667,0.156666667,-0.475
8/13/2016 5:00,0.136666667,-0.688333333,-1.571666667,-0.673333333,-0.493333333
8/13/2016 6:00,0.043333333,0.155,0.935,-0.178333333,-0.181666667
8/13/2016 7:00,-0.081666667,-0.885,-0.386666667,-0.335,-0.221666667
8/13/2016 8:00,-0.241666667,-0.641666667,-1.188333333,-0.891666667,-0.005
8/13/2016 9:00,0.236666667,-0.06,0.911666667,0.4,-0.008333333
8/13/2016 10:00,0.303333333,-0.965,-0.793333333,-0.89,-0.003333333
8/13/2016 11:00,0.085,-0.29,-0.473333333,-0.818333333,0.066666667
8/13/2016 12:00,-0.541666667,0.965,1.248333333,2.185,0.295
8/13/2016 13:00,0.351666667,0.381666667,1.818333333,1.05,1.221666667
8/13/2016 14:00,-0.44,1.178333333,2.071666667,1.425,3.248333333
8/13/2016 15:00,-0.285,0.723333333,1.33,0.513333333,0.978333333
8/13/2016 16:00,0.825,0.313333333,0.383333333,0.336666667,0.258333333
8/13/2016 17:00,-0.07,-0.078333333,-0.501666667,0.57,0.603333333
8/13/2016 18:00,0.643333333,0.12,-0.335,0.15,-0.091666667
8/13/2016 19:00,0.033333333,0.661666667,-1.818333333,0.818333333,-0.813333333
8/13/2016 20:00,0.305,0.013333333,2.336666667,-0.733333333,-1.278333333
8/13/2016 21:00,0.171666667,-0.108333333,-3.16,-1.576666667,-2.856666667
8/13/2016 22:00,0.046666667,-0.451666667,2.158333333,-0.38,-0.461666667
8/13/2016 23:00,-0.25,-0.628333333,-0.016666667,-0.316666667,-0.273333333
8/14/2016 0:00,-0.168333333,-0.755,-1.405,-0.738333333,-0.28
8/14/2016 1:00,-0.223333333,-0.005,-0.46,0.626666667,-0.5
8/14/2016 2:00,-0.495,0.99,-0.323333333,0.243333333,0.59
8/14/2016 3:00,-0.126666667,-0.208333333,-1.406666667,-0.661666667,-0.053333333
8/14/2016 4:00,0.236666667,-0.111666667,-0.995,-0.548333333,0.451666667
8/14/2016 5:00,0.315,-0.08,-0.91,-0.426666667,0.5
8/14/2016 6:00,-0.246666667,-0.666666667,-1.155,-0.681666667,-0.451666667
8/14/2016 7:00,-0.031666667,-1.015,0.838333333,-0.458333333,-0.548333333
8/14/2016 8:00,-0.17,-0.055,-0.945,-0.126666667,-0.521666667
8/14/2016 9:00,0.331666667,-0.225,-0.558333333,0.16,-0.065
8/14/2016 10:00,0.11,-0.55,1.941666667,-0.626666667,0.058333333
8/14/2016 11:00,0.108333333,-0.966666667,-0.523333333,-0.266666667,0.17
8/14/2016 12:00,0.263333333,0.75,1.453333333,2.621666667,0.965
8/14/2016 13:00,-0.453333333,1.023333333,1.426666667,1.035,0.98
8/14/2016 14:00,-0.063333333,0.798333333,0.863333333,1.028333333,2.39
8/14/2016 15:00,-0.25,0.763333333,0.616666667,0.923333333,2.763333333
8/14/2016 16:00,0.305,0.428333333,1.878333333,0.85,1.181666667
8/14/2016 17:00,0.175,0.225,0.793333333,0.725,0.59
8/14/2016 18:00,0.511666667,0.221666667,-0.918333333,-0.316666667,0.038333333
8/14/2016 19:00,0.621666667,0.635,-1.018333333,1.098333333,-0.708333333
8/14/2016 20:00,0.115,-1.091666667,-0.035,0.571666667,-0.57
8/14/2016 21:00,0.096666667,0.075,0.966666667,-0.281666667,0.396666667
8/14/2016 22:00,-0.23,0,-0.97,-1.27,-2.006666667
8/14/2016 23:00,-0.225,0.096666667,0.121666667,0.19,-2.626666667
8/15/2016 0:00,-0.191666667,-0.93,-0.388333333,-0.993333333,-0.455
8/15/2016 1:00,-0.238333333,-0.375,-1.785,-0.69,-0.78
8/15/2016 2:00,-0.453333333,0.726666667,-1.748333333,0.31,-0.661666667
8/15/2016 3:00,0.121666667,0.343333333,-0.546666667,-0.808333333,-1.165
8/15/2016 4:00,-0.331666667,0.053333333,-1.063333333,-1.338333333,1.288333333
8/15/2016 5:00,0.288333333,-0.286666667,0.845,-0.411666667,-1.21
8/15/2016 6:00,0.135,-0.176666667,1.365,-2.371666667,1.978333333
8/15/2016 7:00,-0.238333333,-0.708333333,-3.695,-0.311666667,-2.608333333
8/15/2016 8:00,-0.288333333,-0.748333333,-1.543333333,0.416666667,0.105
8/15/2016 9:00,0.06,0.21,0.46,-0.443333333,0.903333333
8/15/2016 10:00,-0.136666667,-0.24,-1.626666667,0.87,-0.3
8/15/2016 11:00,0.316666667,-0.746666667,0.135,-0.108333333,0.403333333
8/15/2016 12:00,0.121666667,1.3,0.491666667,1.873333333,0.431666667
8/15/2016 13:00,-0.185,0.211666667,1.063333333,0.773333333,0.005
8/15/2016 14:00,0.356666667,1.253333333,1.898333333,2.481666667,0.501666667
8/15/2016 15:00,-0.7,0.21,2.036666667,2.713333333,2.556666667
8/15/2016 16:00,0.223333333,-0.15,1.238333333,-0.421666667,2.701666667
8/15/2016 17:00,0.811666667,0.238333333,-0.378333333,-0.183333333,0.766666667
8/15/2016 18:00,-0.088333333,0.361666667,0.18,1.928333333,0.711666667
8/15/2016 19:00,0.685,0.656666667,0.241666667,0.871666667,0.671666667
8/15/2016 20:00,0.285,0.503333333,-0.645,1.545,0.39
8/15/2016 21:00,-0.585,0.018333333,-0.506666667,-0.526666667,0.065
8/15/2016 22:00,-0.206666667,-1.581666667,-1.185,-1.346666667,-0.46
8/15/2016 23:00,-0.116666667,-0.461666667,0.753333333,0.288333333,-1.466666667
8/16/2016 0:00,-0.203333333,-0.653333333,-0.225,-1.506666667,-1.831666667
8/16/2016 1:00,-0.068333333,0.35,-0.476666667,-0.743333333,-1.333333333
8/16/2016 2:00,-0.23,-0.37,-0.426666667,-1.008333333,-0.493333333
8/16/2016 3:00,-0.616666667,0.941666667,-0.443333333,-0.145,-0.94
8/16/2016 4:00,-0.165,0.148333333,-0.188333333,-0.253333333,0.701666667
8/16/2016 5:00,-0.116666667,-0.038333333,0.363333333,-1.215,0.175
8/16/2016 6:00,0.376666667,-0.206666667,-1.15,-0.72,-0.648333333
8/16/2016 7:00,-0.233333333,-0.218333333,-0.678333333,0.398333333,-0.186666667
8/16/2016 8:00,-0.231666667,-0.623333333,0.45,-0.105,-0.061666667
8/16/2016 9:00,-0.086666667,-0.701666667,-0.266666667,-0.046666667,1.113333333
8/16/2016 10:00,-0.135,0.491666667,-0.121666667,-0.4,0.105
8/16/2016 11:00,0.181666667,-0.265,-0.233333333,-0.768333333,0.045
8/16/2016 12:00,0.236666667,0.043333333,0.848333333,0.903333333,-0.113333333
8/16/2016 13:00,0.131666667,0.186666667,1.443333333,-1.1,1.041666667
8/16/2016 14:00,-0.095,-0.296666667,1.326666667,3.7,1.24
8/16/2016 15:00,-0.17,0.245,0.495,1.301666667,1.863333333
8/16/2016 16:00,-0.421666667,1.076666667,0.876666667,0.345,1.128333333
8/16/2016 17:00,0.733333333,0.841666667,0.52,-0.438333333,0.95
8/16/2016 18:00,0.42,0.338333333,-1.181666667,0.256666667,1.178333333
8/16/2016 19:00,-0.135,0.386666667,0.253333333,-0.473333333,0.105
8/16/2016 20:00,0.49,0.115,0.128333333,-1.616666667,-0.833333333
8/16/2016 21:00,0.22,-0.1,-0.773333333,-0.556666667,-0.591666667
8/16/2016 22:00,0.028333333,-0.545,0.003333333,0.603333333,-0.276666667
8/16/2016 23:00,-0.105,0.013333333,-1.001666667,-0.596666667,-0.426666667
8/17/2016 0:00,-0.16,-0.673333333,0.473333333,-0.216666667,-0.898333333
8/17/2016 1:00,-0.238333333,-0.28,-0.788333333,-0.79,-0.416666667
8/17/2016 2:00,0.133333333,-0.125,-0.611666667,-0.348333333,-0.158333333
8/17/2016 3:00,-0.435,0.056666667,-0.601666667,-0.511666667,0.58
8/17/2016 4:00,-0.12,-0.098333333,0.021666667,-0.435,-0.226666667
8/17/2016 5:00,-0.483333333,-0.106666667,0.053333333,-0.076666667,-0.116666667
8/17/2016 6:00,0.588333333,-0.158333333,0.315,-0.455,-0.405
8/17/2016 7:00,-0.345,-0.366666667,0.283333333,-0.291666667,-0.323333333
8/17/2016 8:00,-0.093333333,-0.298333333,-0.276666667,-0.258333333,-0.435
8/17/2016 9:00,-0.115,-0.16,-0.005,-0.141666667,-1.035
8/17/2016 10:00,0.083333333,-0.243333333,0.196666667,-0.135,-2.833333333
8/17/2016 11:00,-0.011666667,0.271666667,0.223333333,0.031666667,0.273333333
8/17/2016 12:00,-0.076666667,0.393333333,0.538333333,-0.023333333,0.173333333
8/17/2016 13:00,0.136666667,0.338333333,0.271666667,0.981666667,0.193333333
8/17/2016 14:00,0.141666667,0.593333333,0.576666667,1.095,0.028333333
8/17/2016 15:00,0.098333333,0.235,0.76,-0.03,0.343333333
8/17/2016 16:00,0.448333333,0.245,0.5,1,1.101666667
8/17/2016 17:00,-0.151666667,0.565,0.473333333,0.673333333,1.061666667
8/17/2016 18:00,0.668333333,0.281666667,0.313333333,0.285,1.311666667
8/17/2016 19:00,0.493333333,0.381666667,-0.436666667,0.458333333,2.131666667
8/17/2016 20:00,-0.125,0.248333333,-0.923333333,2.023333333,-1.23
8/17/2016 21:00,-0.166666667,-0.02,-0.178333333,0.415,-0.78
8/17/2016 22:00,0.33,-1.405,-0.533333333,-1.46,0.181666667
8/17/2016 23:00,-0.603333333,-0.365,-0.371666667,-0.115,-0.813333333
8/18/2016 0:00,-0.553333333,0.371666667,-1.11,-1.876666667,-1.408333333
8/18/2016 1:00,-0.115,-0.046666667,1.031666667,-0.596666667,-0.78
8/18/2016 2:00,-0.16,-0.136666667,-0.541666667,-0.276666667,-0.386666667
8/18/2016 3:00,-0.123333333,-0.321666667,-0.968333333,-0.523333333,-0.926666667
8/18/2016 4:00,-0.231666667,-0.336666667,-0.318333333,-0.533333333,-0.335
8/18/2016 5:00,-0.258333333,0.51,-0.68,-0.745,-0.08
8/18/2016 6:00,-0.036666667,-0.2,-0.135,-0.613333333,-0.54
8/18/2016 7:00,0.231666667,-0.183333333,-0.131666667,-0.023333333,-0.145
8/18/2016 8:00,-0.138333333,-0.201666667,0.873333333,-0.401666667,0.341666667
8/18/2016 9:00,-0.083333333,-0.328333333,-0.815,-0.808333333,-0.63
8/18/2016 10:00,-0.195,-1.156666667,-0.111666667,2.38,0.685
8/18/2016 11:00,-0.178333333,-0.905,0.485,-2.395,0.106666667
8/18/2016 12:00,0.44,-0.33,0.088333333,0.278333333,0.168333333
8/18/2016 13:00,0.341666667,0.43,0.2,1.756666667,0.125
8/18/2016 14:00,0.255,0.965,0.581666667,-0.133333333,-0.465
8/18/2016 15:00,0.291666667,-0.041666667,1.588333333,-1.351666667,0.113333333
8/18/2016 16:00,0.046666667,-0.143333333,0.456666667,1.855,0.815
8/18/2016 17:00,-0.831666667,1.855,-0.011666667,4.216666667,2.641666667
8/18/2016 18:00,-0.146666667,0.841666667,1.291666667,1.08,1.243333333
8/18/2016 19:00,0.39,0.3,-0.488333333,0.71,0.81
8/18/2016 20:00,0.365,0.303333333,-0.351666667,0.933333333,1.465
8/18/2016 21:00,-0.17,0.526666667,-0.418333333,0.136666667,-0.426666667
8/18/2016 22:00,0.003333333,-0.236666667,0.45,-1.735,-0.691666667
8/18/2016 23:00,0.028333333,-0.64,-0.97,-1.073333333,-0.241666667
8/19/2016 0:00,0.27,-0.83,-0.411666667,-2.091666667,-1.423333333
8/19/2016 1:00,0.028333333,0.106666667,0.035,-1.111666667,-1.591666667
8/19/2016 2:00,-0.205,-1,0.421666667,0.743333333,-1.381666667
8/19/2016 3:00,0.073333333,0.783333333,-0.463333333,-0.218333333,-2.301666667
8/19/2016 4:00,-0.055,0.083333333,-0.468333333,-0.596666667,0.01
8/19/2016 5:00,-0.286666667,-0.08,-0.558333333,-0.833333333,0.815
8/19/2016 6:00,-0.361666667,-0.015,-0.875,-0.33,0.046666667
8/19/2016 7:00,-0.448333333,-0.235,-0.145,0.44,-1.183333333
8/19/2016 8:00,0.063333333,-0.125,0.398333333,-1.306666667,-0.775
8/19/2016 9:00,0.08,-0.25,-0.633333333,-0.121666667,-0.286666667
8/19/2016 10:00,-0.248333333,-0.816666667,-0.218333333,0.955,-0.238333333
8/19/2016 11:00,-0.135,-1.163333333,1.076666667,-1.413333333,1.371666667
8/19/2016 12:00,-0.106666667,1.621666667,-0.623333333,0.19,0.863333333
8/19/2016 13:00,0.826666667,0.378333333,-0.178333333,-0.115,-0.52
8/19/2016 14:00,0.315,-0.053333333,1.046666667,0.183333333,-0.585
8/19/2016 15:00,0.338333333,-0.043333333,0.566666667,0.725,1.618333333
8/19/2016 16:00,0.481666667,0.753333333,1.446666667,4.365,1.753333333
8/19/2016 17:00,-0.253333333,0.78,0.746666667,0.768333333,1.611666667
8/19/2016 18:00,-0.148333333,0.098333333,0.531666667,0.57,1.485
8/19/2016 19:00,-0.078333333,0.333333333,-0.13,-0.216666667,1.361666667
8/19/2016 20:00,0.435,0.46,-0.556666667,0.055,0.968333333
8/19/2016 21:00,0.08,0.433333333,0.171666667,0.005,-0.613333333
8/19/2016 22:00,-0.188333333,-0.065,-0.963333333,0.791666667,-0.081666667
8/19/2016 23:00,-0.123333333,-0.911666667,-0.663333333,-0.56,-0.983333333
8/20/2016 0:00,-0.156666667,-0.12,-0.66,0,-0.79
8/20/2016 1:00,0.191666667,-0.323333333,-0.375,-1.095,-2.393333333
8/20/2016 2:00,0.025,-0.29,0.771666667,-1.47,-2.326666667
8/20/2016 3:00,-0.051666667,-0.351666667,0.368333333,-1.071666667,-0.046666667
8/20/2016 4:00,0.078333333,0.376666667,-0.653333333,-0.556666667,-0.48
8/20/2016 5:00,-0.256666667,-0.398333333,-0.306666667,-0.371666667,-0.618333333
8/20/2016 6:00,-0.345,0.256666667,-1.038333333,-0.82,0.251666667
8/20/2016 7:00,-0.15,-0.103333333,-0.146666667,-0.358333333,-0.265
8/20/2016 8:00,-0.068333333,-0.203333333,-0.28,-0.17,0.031666667
8/20/2016 9:00,0.04,-0.588333333,0.541666667,0.74,-0.81
8/20/2016 10:00,-0.278333333,-0.098333333,-0.471666667,0.226666667,-0.231666667
8/20/2016 11:00,-0.191666667,-0.451666667,0.391666667,-0.886666667,0.108333333
8/20/2016 12:00,-0.026666667,-0.783333333,-0.51,-0.788333333,2.123333333
8/20/2016 13:00,0.025,0.386666667,0.571666667,3.181666667,0.058333333
8/20/2016 14:00,0.825,0.176666667,0.88,1.166666667,1.86
8/20/2016 15:00,0.406666667,0.39,0.593333333,-0.205,0.56
8/20/2016 16:00,0.26,-1.543333333,0.781666667,0.181666667,0.546666667
8/20/2016 17:00,0.238333333,0.495,0.84,0.476666667,0.151666667
8/20/2016 18:00,-0.086666667,1.053333333,0.556666667,0.551666667,-0.628333333
8/20/2016 19:00,-0.423333333,1.916666667,0.14,0.201666667,0.076666667
8/20/2016 20:00,0.183333333,0.68,-0.236666667,-0.08,3.2
8/20/2016 21:00,0.231666667,-0.081666667,-0.448333333,-1.23,-0.046666667
8/20/2016 22:00,-0.05,-0.211666667,-1.108333333,-0.816666667,-0.336666667
8/20/2016 23:00,-0.34,-0.646666667,-0.011666667,-0.418333333,-1.17
8/21/2016 0:00,-0.236666667,-0.191666667,-0.453333333,0.143333333,-1.47
8/21/2016 1:00,-0.205,-0.373333333,0.191666667,-0.386666667,1.131666667
8/21/2016 2:00,0.203333333,-0.44,-0.493333333,-0.45,-0.778333333
8/21/2016 3:00,-0.001666667,-0.621666667,0.713333333,-0.321666667,-1.261666667
8/21/2016 4:00,-0.176666667,0.066666667,-0.028333333,-0.358333333,-1.101666667
8/21/2016 5:00,-0.073333333,0.176666667,-0.416666667,-0.085,-0.625
8/21/2016 6:00,-0.171666667,-0.536666667,-0.861666667,-0.163333333,-0.625
8/21/2016 7:00,-0.21,0.815,-0.111666667,-0.155,0.081666667
8/21/2016 8:00,0.021666667,-0.161666667,-0.141666667,-0.621666667,0.136666667
8/21/2016 9:00,-0.29,-0.186666667,0.176666667,0.05,0.618333333
8/21/2016 10:00,0.011666667,-0.581666667,-1.043333333,0.213333333,0.135
8/21/2016 11:00,-0.266666667,-0.243333333,0.323333333,0.231666667,0.09
8/21/2016 12:00,-0.028333333,-0.12,1.158333333,0.168333333,-0.248333333
8/21/2016 13:00,-0.051666667,0.61,0.395,0.111666667,0.62
8/21/2016 14:00,-0.245,-0.465,0.111666667,0.791666667,0.293333333
8/21/2016 15:00,1.098333333,0.068333333,0.63,0.445,-0.741666667
8/21/2016 16:00,0.475,0.861666667,0.481666667,0.368333333,0.158333333
8/21/2016 17:00,0.136666667,-0.13,0.96,0.196666667,0.693333333
8/21/2016 18:00,0.161666667,-0.788333333,0.613333333,0.541666667,2.38
8/21/2016 19:00,-0.331666667,1.775,0.021666667,0.405,1.253333333
8/21/2016 20:00,0.251666667,1.103333333,-0.29,-0.246666667,0.376666667
8/21/2016 21:00,-0.576666667,-0.123333333,-0.331666667,-0.063333333,0.235
8/21/2016 22:00,-0.24,-0.15,-0.921666667,-0.318333333,-0.018333333
8/21/2016 23:00,-0.081666667,-0.191666667,-1.401666667,-0.863333333,0.301666667
8/22/2016 0:00,0.161666667,-0.273333333,-0.6,-0.666666667,-1.331666667
8/22/2016 1:00,0.061666667,-0.788333333,-0.108333333,-0.14,-2.061666667
8/22/2016 2:00,-0.438333333,0.305,-0.788333333,-0.071666667,0.643333333
8/22/2016 3:00,0.315,-0.206666667,0.955,-0.041666667,-0.733333333
8/22/2016 4:00,0.258333333,-0.325,0.418333333,-0.636666667,-0.971666667
8/22/2016 5:00,-0.011666667,-0.463333333,0.341666667,-0.088333333,-0.515
8/22/2016 6:00,0.08,-0.05,-0.601666667,-0.4,0.301666667
8/22/2016 7:00,-0.276666667,0.465,-0.325,-0.69,-1.72
8/22/2016 8:00,-0.438333333,-0.21,-0.175,-0.238333333,-0.951666667
8/22/2016 9:00,0.221666667,-0.275,-0.338333333,-0.165,-0.763333333
8/22/2016 10:00,-0.076666667,-0.198333333,0.405,0.16,0.095
8/22/2016 11:00,0.086666667,-0.113333333,-0.065,-0.581666667,0.383333333
8/22/2016 12:00,0.013333333,-0.205,0.671666667,-0.215,0.418333333
8/22/2016 13:00,-0.073333333,0.573333333,0.543333333,0.708333333,0.49
8/22/2016 14:00,0.148333333,1.096666667,0.038333333,1.075,-0.055
8/22/2016 15:00,0.141666667,0.241666667,0.24,1.305,0.083333333
8/22/2016 16:00,0.453333333,-0.016666667,-0.391666667,1.053333333,0.225
8/22/2016 17:00,-0.001666667,-0.273333333,0.483333333,0.068333333,0.181666667
8/22/2016 18:00,-0.043333333,1.088333333,0.43,0.576666667,-0.023333333
8/22/2016 19:00,-0.078333333,-1.36,-0.068333333,1.408333333,0.291666667
8/22/2016 20:00,-0.151666667,1.02,0.03,0.026666667,0.11
8/22/2016 21:00,0.048333333,-1.296666667,-0.236666667,0.22,0.273333333
8/22/2016 22:00,-0.055,-0.085,-0.531666667,-0.436666667,0.166666667
8/22/2016 23:00,-0.156666667,-0.24,-0.868333333,-0.328333333,0.013333333
8/23/2016 0:00,-0.276666667,-0.27,-0.195,0.671666667,-0.09
8/23/2016 1:00,-0.316666667,-0.251666667,0.07,0.003333333,-0.188333333
8/23/2016 2:00,0.033333333,-0.206666667,-0.393333333,-0.408333333,-0.201666667
8/23/2016 3:00,0.31,-0.101666667,-0.266666667,0.038333333,-0.17
8/23/2016 4:00,0.055,-0.058333333,0.175,-0.86,-0.185
8/23/2016 5:00,-0.306666667,-0.176666667,-0.228333333,-2.895,-0.315
8/23/2016 6:00,-0.11,0.063333333,-0.101666667,0.365,-0.248333333
8/23/2016 7:00,-0.385,0.045,-0.076666667,-0.603333333,-0.136666667
8/23/2016 8:00,0.076666667,-0.235,-0.375,-0.016666667,0.075
8/23/2016 9:00,0.02,-0.205,0.248333333,0.173333333,-0.318333333
8/23/2016 10:00,0.028333333,-0.098333333,0.556666667,-0.015,-0.036666667
8/23/2016 11:00,-0.365,-0.078333333,-0.158333333,-0.276666667,0.081666667
8/23/2016 12:00,0.128333333,0.073333333,0.13,0.253333333,0.083333333
8/23/2016 13:00,0.456666667,0.021666667,0.648333333,0.531666667,0.33
8/23/2016 14:00,0.718333333,0.305,0.468333333,1.116666667,0.666666667
8/23/2016 15:00,0.355,0.196666667,-0.191666667,0.608333333,0.548333333
8/23/2016 16:00,0.141666667,0.268333333,0.31,1.078333333,0.465
8/23/2016 17:00,-0.003333333,0.32,1.596666667,0.575,0.295
8/23/2016 18:00,0.035,0.258333333,0.365,0.508333333,0.263333333
8/23/2016 19:00,0.051666667,0.213333333,0.551666667,0.008333333,0.406666667
8/23/2016 20:00,-0.445,-0.508333333,-0.075,0.23,0.896666667
8/23/2016 21:00,-0.235,0.883333333,-0.523333333,0.145,0.445
8/23/2016 22:00,-0.263333333,0.335,-0.753333333,-0.32,0.048333333
8/23/2016 23:00,0.178333333,-0.003333333,-0.613333333,-0.945,-0.445
8/24/2016 0:00,-0.186666667,-0.178333333,-0.028333333,-0.41,-0.543333333
8/24/2016 1:00,0.043333333,-0.363333333,-0.236666667,-0.23,-0.673333333
8/24/2016 2:00,-0.166666667,-0.433333333,-0.073333333,0.096666667,-0.255
8/24/2016 3:00,0.168333333,-0.38,-0.295,-0.396666667,-0.093333333
8/24/2016 4:00,0.065,-0.33,0.216666667,0.16,0.461666667
8/24/2016 5:00,0.111666667,-0.105,-0.193333333,-0.435,0.045
8/24/2016 6:00,-0.256666667,-0.03,-0.406666667,0.075,-0.31
8/24/2016 7:00,-0.336666667,-0.011666667,-0.053333333,-0.313333333,-0.333333333
8/24/2016 8:00,-0.375,-0.121666667,-0.151666667,-0.343333333,-0.288333333
8/24/2016 9:00,0.266666667,-0.213333333,-0.051666667,-0.643333333,-0.351666667
8/24/2016 10:00,-0.1,0.286666667,0.856666667,-0.281666667,-0.085
8/24/2016 11:00,-0.16,0.125,0.406666667,-0.146666667,0.01
8/24/2016 12:00,0.035,0.075,0.668333333,0.271666667,0.323333333
8/24/2016 13:00,-0.113333333,0.19,0.858333333,0.558333333,0.158333333
8/24/2016 14:00,0.251666667,-0.156666667,1.121666667,0.631666667,0.641666667
8/24/2016 15:00,1.131666667,-0.018333333,0.083333333,0.88,1.535
8/24/2016 16:00,0.135,-0.2,0.078333333,1.176666667,0.981666667
8/24/2016 17:00,0.09,-0.443333333,0.448333333,0.28,0.673333333
8/24/2016 18:00,0.31,0.161666667,0.355,-0.375,0.286666667
8/24/2016 19:00,0.066666667,0.988333333,0.205,0.165,0.125
8/24/2016 20:00,-0.596666667,0.086666667,-0.023333333,-0.013333333,0.228333333
8/24/2016 21:00,-0.41,-0.015,-0.29,0.618333333,0.915
8/24/2016 22:00,0.033333333,1.428333333,-0.73,-0.508333333,0.34
8/24/2016 23:00,-0.371666667,0.245,-0.831666667,-0.513333333,-0.266666667
8/25/2016 0:00,0.533333333,0.085,-0.211666667,-0.686666667,-0.601666667
8/25/2016 1:00,-0.05,-0.176666667,-0.568333333,-0.091666667,-0.298333333
8/25/2016 2:00,-0.083333333,-0.385,-0.28,-0.368333333,0.256666667
8/25/2016 3:00,-0.071666667,-0.618333333,-0.74,0.098333333,-0.491666667
8/25/2016 4:00,-0.13,-0.423333333,0.176666667,-0.348333333,-1.33
8/25/2016 5:00,-0.116666667,0.125,0.456666667,-0.083333333,-0.478333333
8/25/2016 6:00,0.34,-0.35,-0.393333333,-0.613333333,-0.465
8/25/2016 7:00,-0.588333333,-0.123333333,-0.176666667,-0.496666667,-0.261666667
8/25/2016 8:00,-0.288333333,-0.058333333,-0.203333333,-0.826666667,-0.591666667
8/25/2016 9:00,0.488333333,-1.221666667,-0.168333333,-0.186666667,-0.315
8/25/2016 10:00,-0.186666667,0.205,0.54,-0.086666667,-0.166666667
8/25/2016 11:00,-0.198333333,0.635,0.49,0.123333333,-0.178333333
8/25/2016 12:00,0.151666667,0.426666667,0.733333333,0.473333333,0.473333333
8/25/2016 13:00,-0.051666667,0.108333333,0.43,0.623333333,1.828333333
8/25/2016 14:00,0.191666667,0.063333333,-0.461666667,0.685,0.965
8/25/2016 15:00,0.066666667,-0.223333333,0.468333333,0.716666667,0.675
8/25/2016 16:00,0.658333333,0.393333333,0.681666667,0.316666667,0.565
8/25/2016 17:00,-0.046666667,0.065,0.281666667,0.141666667,0.103333333
8/25/2016 18:00,0.008333333,0.338333333,-0.095,0.308333333,0.23
8/25/2016 19:00,-0.248333333,-1.146666667,0.065,0.388333333,-0.303333333
8/25/2016 20:00,-0.095,1.045,-0.21,0.366666667,-0.036666667
8/25/2016 21:00,-0.325,0.08,-0.655,-0.578333333,-0.386666667
8/25/2016 22:00,-0.393333333,0.215,-0.611666667,-0.378333333,0.311666667
8/25/2016 23:00,0.078333333,0.433333333,-0.568333333,-0.146666667,-0.613333333
8/26/2016 0:00,-0.123333333,0.615,-0.428333333,-0.488333333,-0.596666667
8/26/2016 1:00,0.746666667,-0.083333333,-0.408333333,-1.001666667,-0.47
8/26/2016 2:00,0.028333333,-0.161666667,-0.241666667,-0.233333333,0.926666667
8/26/2016 3:00,0,-0.321666667,-0.171666667,-0.388333333,-0.606666667
8/26/2016 4:00,-0.195,-0.343333333,0.31,-0.363333333,-2.455
8/26/2016 5:00,0.041666667,-0.246666667,-0.26,-0.478333333,0.58
8/26/2016 6:00,-0.008333333,-0.358333333,0.26,-1.01,-0.216666667
8/26/2016 7:00,-0.058333333,-0.038333333,-0.16,1.143333333,-0.833333333
8/26/2016 8:00,-0.1,-0.053333333,-0.305,-0.223333333,0.048333333
8/26/2016 9:00,-0.591666667,-0.223333333,-0.045,-0.476666667,-0.335
8/26/2016 10:00,0.523333333,-0.626666667,0.146666667,-0.285,-0.125
8/26/2016 11:00,0.271666667,-0.323333333,0.395,0.253333333,-0.121666667
8/26/2016 12:00,-0.298333333,0.29,0.385,0.401666667,1.071666667
8/26/2016 13:00,0.013333333,0.938333333,0.526666667,0.468333333,1.876666667
8/26/2016 14:00,0.031666667,0.081666667,-0.001666667,1.095,0.89
8/26/2016 15:00,0.398333333,-0.295,1.083333333,1.008333333,0.29
8/26/2016 16:00,0.35,0.001666667,-0.44,0.506666667,0.57
8/26/2016 17:00,0.058333333,-0.398333333,-0.013333333,0.221666667,0.213333333
8/26/2016 18:00,-0.31,1.586666667,-0.636666667,0.208333333,0.106666667
8/26/2016 19:00,-0.141666667,-0.461666667,0.108333333,-0.556666667,-0.091666667
8/26/2016 20:00,-0.156666667,-0.785,0.443333333,-0.088333333,-0.513333333
8/26/2016 21:00,-0.17,-0.026666667,-0.023333333,0.255,-0.603333333
